{
    "uid": "591cf91a-4954-4b70-b7cd-f414674f01a3",
    "name": "5_Default_NeuralNetwork",
    "preprocessing": [
        {
            "remove_columns": [
                "tuition_los"
            ],
            "missing_values": [
                {
                    "fill_method": "na_fill_median",
                    "fill_params": {
                        "TAP Recipient FTEs": 62.375
                    },
                    "datetime_columns": []
                }
            ],
            "categorical": [
                {
                    "convert_method": "categorical_to_int",
                    "convert_params": {
                        "TAP College Name": {
                            "ADELPHI UNIVERSITY 4 YR UNDERGRAD": 0,
                            "ADELPHI UNIVERSITY GRAD": 1,
                            "ADIRONDACK COMMUNITY COLLEGE": 2,
                            "ALBANY COLLEGE OF PHARMACY 4YR UG": 3,
                            "ALBANY COLLEGE OF PHARMACY GRAD": 4,
                            "ALBANY LAW SCHOOL GRAD": 5,
                            "ALBANY MEDICAL COLLEGE": 6,
                            "ALBANY MEDICAL COLLEGE (GRAD)": 7,
                            "ALFRED UNIVERSITY 4YR UNDERGRAD": 8,
                            "ALFRED UNIVERSITY GRAD": 9,
                            "ALLEN SCHOOL": 10,
                            "AMERICAN ACAD OF DRAMATIC ARTS": 11,
                            "AMERICAN ACADEMY MCALLISTER INST.": 12,
                            "AMERICAN CENTER CAREER TRAINING": 13,
                            "ARNOT OGDEN MED CTR NURSING 4YR": 14,
                            "ARNOT OGDEN MED CTR RAD TECH 2YR": 15,
                            "ART INSTITUTE OF NEW YORK CITY": 16,
                            "ASA INST OF BUS NURSING PROGRAM": 17,
                            "ASA INSTITUTE OF BUSINESS": 18,
                            "ASSOCIATED BETH RIVKAH SCHOOL": 19,
                            "BAIS BINYOMIN ACADEMY": 20,
                            "BAIS MEDROSH ELYON": 21,
                            "BANK ST COLL OF EDUC": 22,
                            "BARD COLLEGE 4YR UNDERGRAD": 23,
                            "BARD COLLEGE- GRAD": 24,
                            "BARNARD COLLEGE": 25,
                            "BE'ER YAAKOV TALMUDIC SEMINARY": 26,
                            "BEIS MEDRASH HEICHAL DOVID": 27,
                            "BELLEVUE HOSP SCH RADIOLOGIC TECH": 28,
                            "BERKELEY COLL OF NYC - EVE 2YR UG": 29,
                            "BERKELEY COLL OF NYC-EVE 4YR UG": 30,
                            "BERKELEY COLL OF WHITE PLAINS 2YR": 31,
                            "BERKELEY COLL OF WHITE PLAINS 4YR": 32,
                            "BERKELEY COLL OF WHITE PLAINS EVE": 33,
                            "BERKELEY COLLEGE 2YR": 34,
                            "BERKELEY COLLEGE 4YR": 35,
                            "BET MEDRASH GADOL ATEREST TORAH": 36,
                            "BETH HAMEDRASH SHAAREI YOSHER": 37,
                            "BETH HATALMUD RABBINICAL COLLEGE": 38,
                            "BETH MEDRASH MEOR YITZCHOK": 39,
                            "BORICUA COLLEGE - GRAD": 40,
                            "BORICUA COLLEGE 4YR UNDERGRAD": 41,
                            "BRAMSON ORT COLLEGE": 42,
                            "BRIARCLIFFE COLL WOODBURY 2YR": 43,
                            "BRIARCLIFFE COLL-BOHEMIA 2YR": 44,
                            "BRIARCLIFFE COLLEGE 4YR UNDERGRAD": 45,
                            "BROOKLYN INST OF BUSINESS TECH": 46,
                            "BROOKLYN LAW SCHOOL": 47,
                            "BROOME COMMUNITY COLLEGE": 48,
                            "BRYANT & STRATTON ALBANY": 49,
                            "BRYANT & STRATTON BBA ALBANY": 50,
                            "BRYANT & STRATTON BBA SYRACUSE": 51,
                            "BRYANT & STRATTON BUFFALO": 52,
                            "BRYANT & STRATTON GREECE": 53,
                            "BRYANT & STRATTON ROCHESTER": 54,
                            "BRYANT & STRATTON SYRACUSE": 55,
                            "BUSINESS INFORMATICS": 56,
                            "BUSINESS INFORMATICS CENTER": 57,
                            "CANISIUS COLLEGE 4YR UNDERGRAD": 58,
                            "CANISIUS COLLEGE GRAD": 59,
                            "CAREER SCHOOL OF NY INC": 60,
                            "CAYUGA COMMUNITY COLLEGE": 61,
                            "CAZENOVIA COLLEGE": 62,
                            "CENTRAL SUFFOLK SCH RAD TECH": 63,
                            "CENTRAL YESHIVA BETH JOSEPH": 64,
                            "CENTURION PROFESSIONAL TRAINING": 65,
                            "CHAMPLAIN VALLEY SCH XRAY TECH": 66,
                            "CHERYL FELL'S SCHOOL OF BUSINESS": 67,
                            "CLARKSON UNIVERSITY 4YR UNDERGRAD": 68,
                            "CLARKSON UNIVERSITY- GRAD": 69,
                            "CLINTON COMMUNITY COLLEGE": 70,
                            "COL NEW ROCHELLE ARTS & SCIENCES": 71,
                            "COL NEW ROCHELLE SCH OF NURSING": 72,
                            "COL OF MT ST VINCENT": 73,
                            "COL OF MT ST VINCENT 4YR SEM": 74,
                            "COLGATE UNIVERSITY 4YR UNDERGRAD": 75,
                            "COLGATE UNIVERSITY GRAD": 76,
                            "COLL OF NEW ROCHELLE GRAD": 77,
                            "COLL OF NEW ROCHELLE NEW RESOURCE": 78,
                            "COLL WESTCHESTER 2YR": 79,
                            "COLL WESTCHESTER 2YR EVE": 80,
                            "COLL WESTCHESTER 4YR BBA DAY": 81,
                            "COLL WESTCHESTER 4YR BBA EVE": 82,
                            "COLL WESTCHESTER EVE BACH ONLINE": 83,
                            "COLL WESTCHESTER ONLINE ASSOC EVE": 84,
                            "COLLEGE OF INSURANCE": 85,
                            "COLLEGE OF SAINT ROSE 4YR UG": 86,
                            "COLLEGE OF SAINT ROSE GRAD": 87,
                            "COLUMBIA  UNIV COLL MEDICINE": 88,
                            "COLUMBIA  UNIV ENGINEER GRAD": 89,
                            "COLUMBIA U GRADUATE PROGRAMS": 90,
                            "COLUMBIA U TEACHERS COL GRAD": 91,
                            "COLUMBIA UNIV": 92,
                            "COLUMBIA UNIV  ARCHITECTURE GRAD": 93,
                            "COLUMBIA UNIV ARTS GRAD": 94,
                            "COLUMBIA UNIV BUSINESS GRAD": 95,
                            "COLUMBIA UNIV DENTISTRY GRAD": 96,
                            "COLUMBIA UNIV INTL AFFAIRS GRAD": 97,
                            "COLUMBIA UNIV JOURNALISM GRAD": 98,
                            "COLUMBIA UNIV LAW GRAD": 99,
                            "COLUMBIA UNIV NURSING GRAD": 100,
                            "COLUMBIA UNIV NURSING PROG": 101,
                            "COLUMBIA UNIV PHYSICAL/OCCUP THER": 102,
                            "COLUMBIA UNIV PUB HEALTH/NUTRITIO": 103,
                            "COLUMBIA UNIV SCH ENGINEERING": 104,
                            "COLUMBIA UNIV SOC WORK GRAD": 105,
                            "COLUMBIA-GREENE COMMUNITY COLLEGE": 106,
                            "CONCERN INC.": 107,
                            "CONCORDIA COLLEGE": 108,
                            "CONGREGATION TALMIDEI MESIVTA TIF": 109,
                            "COOPER UNION - GRADUATE": 110,
                            "COOPER UNION ADVNCMT SCI ART": 111,
                            "COPE INSTITUTE": 112,
                            "CORNELL U MEDICAL COLLEGE": 113,
                            "CORNELL UNIV LAW SCHOOL": 114,
                            "CORNELL UNIV STATUTORY COLLEGES": 115,
                            "CORNELL UNIV.-JOHNSON GRAD SCHOOL": 116,
                            "CORNELL UNIVERSITY": 117,
                            "CORNELL UNIVERSITY GRAD": 118,
                            "CORNELL UNIVERSITY- VET MED": 119,
                            "CORNING COMMUNITY COLLEGE": 120,
                            "CROUSE IRVING HOSP SCH OF NURSING": 121,
                            "CTL YESH TOMCHEI TMIMIM LUBAVITZ": 122,
                            "CULINARY INSTITUTE OF AMERICA 2YR": 123,
                            "CULINARY INSTITUTE OF AMERICA 4YR": 124,
                            "CUNY  BARUCH COLL GRAD": 125,
                            "CUNY BARUCH COLLEGE": 126,
                            "CUNY BRONX CC": 127,
                            "CUNY BROOKLYN COLLEGE": 128,
                            "CUNY BROOKLYN COLLEGE GRAD": 129,
                            "CUNY CITY COLLEGE": 130,
                            "CUNY CITY COLLEGE GRAD": 131,
                            "CUNY COL STATEN ISLAND": 132,
                            "CUNY COL STATEN ISLAND GRAD": 133,
                            "CUNY GRAD CTR-SCHOL OF LABOR UG": 134,
                            "CUNY GRAD SCH AND UNIV CENTER": 135,
                            "CUNY GRAD SCH UNDERGRAD PROG": 136,
                            "CUNY HERBERT H LEHMAN COLLEGE": 137,
                            "CUNY HERBERT H LEHMAN GRAD": 138,
                            "CUNY HOSTOS CC": 139,
                            "CUNY HUNTER COLLEGE": 140,
                            "CUNY HUNTER COLLEGE GRAD": 141,
                            "CUNY JOHN JAY COLLEGE": 142,
                            "CUNY JOHN JAY COLLEGE GRAD": 143,
                            "CUNY KINGSBOROUGH CC": 144,
                            "CUNY LAGUARDIA CC": 145,
                            "CUNY MANHATTAN CC": 146,
                            "CUNY MEDGER EVERS COLLEGE": 147,
                            "CUNY NYC COLLEGE OF TECHNOLOGY": 148,
                            "CUNY QUEENS COLLEGE": 149,
                            "CUNY QUEENS COLLEGE GRAD": 150,
                            "CUNY QUEENS COLLEGE LAW SCHOOL": 151,
                            "CUNY QUEENSBOROUGH CC": 152,
                            "CUNY STELLA & CHARLES GUTTMAN CC": 153,
                            "CUNY YORK COLLEGE": 154,
                            "CUNY YORK COLLEGE GRAD": 155,
                            "D'YOUVILLE COLLEGE 4 YR UNDERGRAD": 156,
                            "D'YOUVILLE COLLEGE-GRAD": 157,
                            "DAEMEN COLLEGE 4YR UNDERGRAD": 158,
                            "DAEMEN COLLEGE GRAD": 159,
                            "DAVIS COLLEGE": 160,
                            "DEVRY COLLEGE OF NEW YORK 2YR": 161,
                            "DEVRY COLLEGEE OF NEW YORK 4YR": 162,
                            "DOMINICAN COLLEGE BLAUVELT 4YR UG": 163,
                            "DOMINICAN COLLEGE-WEEKEND 4YR UG": 164,
                            "DOROTHEA HOPFER SCHOOL OF NURSING": 165,
                            "DOWLING COLLEGE  4YR UNDERGRAD": 166,
                            "DOWLING COLLEGE GRAD": 167,
                            "DRAKE BUSINESS SCHOOL FLUSHING": 168,
                            "DRAKE BUSINESS SCHOOL STATEN IS.": 169,
                            "DRAKE SCHOOL OF MANHATTAN": 170,
                            "DUTCHESS COMMUNITY COLLEGE": 171,
                            "ELIM BIBLE INSTITUTE AND COLLEGE": 172,
                            "ELMIRA BUSINESS INST": 173,
                            "ELMIRA COLLEGE 4YR UNDERGRAD": 174,
                            "ELMIRA COLLEGE GRAD": 175,
                            "ELYON COLLEGE": 176,
                            "EMPIRE EDUC CORP (MILDRED ELLEY)": 177,
                            "ERIE COMMUNITY COLLEGE": 178,
                            "ERIE COMMUNITY COLLEGE NORTH": 179,
                            "EVEREST INSTITUTE": 180,
                            "EXCELSIOR COLLEGE 4YR UNDERGRAD": 181,
                            "EXCELSIOR COLLEGE GRAD": 182,
                            "FASHION INST TECH UPPER DIVISION": 183,
                            "FASHION INST TECH-LOWER DIVISION": 184,
                            "FASHION INST TECHNOLOGY-GRAD": 185,
                            "FINGER LAKES COMMUNITY COLLEGE": 186,
                            "FINGER LAKES HEALTH COLL NURSING": 187,
                            "FIVE TOWNS COLLEGE 4YR UNDERGRAD": 188,
                            "FIVE TOWNS COLLEGE GRAD": 189,
                            "FORDHAM LIBERAL STUD MC SEMESTER": 190,
                            "FORDHAM LIBERAL STUDIES TARRYTOWN": 191,
                            "FORDHAM U GRAD BUS ADMIN": 192,
                            "FORDHAM U SCHOOL OF LAW": 193,
                            "FORDHAM UNIVERSITY": 194,
                            "FORDHAM UNIVERSITY - GRADUATE": 195,
                            "FRANKLIN CAREER INSTITUTE": 196,
                            "FULTON MONTGOMERY COMM COLLEGE": 197,
                            "GAMLA COLLEGE": 198,
                            "GENESEE COMMUNITY COLLEGE": 199,
                            "GLENS FALLS HOSP SCH RAD TEC": 200,
                            "GLOBAL BUSINESS INSTITUTE": 201,
                            "GLOBE INST TECH 2YR": 202,
                            "GLOBE INSTITUTE OF TECHNOLOGY 4YR": 203,
                            "GRADUATE COLLEGE UNION UNIVERSITY": 204,
                            "HAMILTON COLLEGE": 205,
                            "HARLEM HOSPITAL-RAD TECH": 206,
                            "HARTWICK COLLEGE": 207,
                            "HELENE FULD SCHOOL REG NURS BA": 208,
                            "HELENE FULD SCHOOL REG NURSING": 209,
                            "HERKIMER COMMUNITY COLLEGE": 210,
                            "HILBERT COLLEGE": 211,
                            "HOBART AND WILLIAM SMITH COLLS 4Y": 212,
                            "HOBART AND WILLIAM SMITH COLLS GR": 213,
                            "HOFSTRA UNIV 4YR UNDERGRAD": 214,
                            "HOFSTRA UNIV GRAD": 215,
                            "HOFSTRA UNIV GRAD LAW SCHOOL": 216,
                            "HOUGHTON COLLEGE": 217,
                            "HUDSON VALLEY COMMUNITY COLLEGE": 218,
                            "INST OF DESIGN & CONSTRUCTION": 219,
                            "INTERBORO INSTITUTE INC": 220,
                            "IONA COLL UNDERGRAD EVENING TRIME": 221,
                            "IONA COLLEGE 4YR UNDERGRAD": 222,
                            "IONA COLLEGE GRAD": 223,
                            "IONA COLLEGE GRAD SECONDARY EDUC": 224,
                            "ISABELLA GRAHAM HART SCH PRAC NUR": 225,
                            "ISLAND DRAFTING & TECHNICAL INST.": 226,
                            "ITHACA COLLEGE": 227,
                            "ITHACA COLLEGE PHYS/OCC THERAPY": 228,
                            "ITHACA COLLEGE-GRAD": 229,
                            "ITT TECHNICAL INSTITUTE ALBANY": 230,
                            "ITT TECHNICAL INSTITUTE GETZVILLE": 231,
                            "ITT TECHNICAL INSTITUTE LIVERPOOL": 232,
                            "JAMESTOWN BUSINESS COLL 2 YR ASSO": 233,
                            "JAMESTOWN BUSINESS COLL 4 YR BBA": 234,
                            "JAMESTOWN BUSINESS COLL 4YR BBA": 235,
                            "JAMESTOWN COMMUNITY COLLEGE": 236,
                            "JEFFERSON COMMUNITY COLLEGE": 237,
                            "JUILLIARD SCHOOL 4YR UNDERGRAD": 238,
                            "JUILLIARD SCHOOL GRAD": 239,
                            "KATHARINE GIBBS SCHOOL NYC": 240,
                            "KEHILATH YAKOV RABBINCAL SEMINARY": 241,
                            "KELLER GRAD SCHOOL OF MANAGEMENT": 242,
                            "KEUKA COLLEGE 4YR UNDERGRAD": 243,
                            "KUEKA COLLEGE GRAD": 244,
                            "LEMOYNE COLLEGE 4YR UNDERGRAD": 245,
                            "LEMOYNE COLLEGE GRAD": 246,
                            "LICH TEACHOUT SUNY FARMINGDALE": 247,
                            "LIM COLLEGE": 248,
                            "LONG ISLAND BUS INST 2YR TRIMEST": 249,
                            "LONG ISLAND BUS INST UG SEMESTER": 250,
                            "LONG ISLAND COL HOSP NURSING": 251,
                            "LONG ISLAND COL HOSP SCH XRAY TCH": 252,
                            "LONG ISLAND UNIV 4 YR UNDERGRAD": 253,
                            "LONG ISLAND UNIVERSITY": 254,
                            "LYNN UNIVERSITY-OLD FORGE COLLEGE": 255,
                            "MACHZIKEI HADATH RABBINICAL COLL": 256,
                            "MANDL SCHOOL": 257,
                            "MANHATTAN COLLEGE - 2 YR": 258,
                            "MANHATTAN COLLEGE 4 YR UNDERGRAD": 259,
                            "MANHATTAN COLLEGE GRAD": 260,
                            "MANHATTAN SCHL MUSIC GRAD": 261,
                            "MANHATTAN SCHOOL OF COMPUTER TECH": 262,
                            "MANHATTAN SCHOOL OF MUSIC 4 YR UN": 263,
                            "MANHATTANVILLE COLLEGE 4YR UNDERG": 264,
                            "MANHATTANVILLE COLLEGE GRAD": 265,
                            "MARIA COLL-REGULAR DAY 2YR UG": 266,
                            "MARIA COLL-WEEKEND&EVENING GRAD": 267,
                            "MARIA COLLEGE 4 YR": 268,
                            "MARION S WHELAN PRAC NURSING SEM": 269,
                            "MARION S WHELAN PRAC NURSING TRIM": 270,
                            "MARIST COLLEGE 4 YR UNDERGRAD": 271,
                            "MARIST COLLEGE GRAD": 272,
                            "MARYMOUNT MANHATTAN COLLEGE": 273,
                            "MECHON LHOYROA": 274,
                            "MEDAILLE COLLEGE 4YR UNDERGRAD": 275,
                            "MEDAILLE COLLEGE GRAD": 276,
                            "MEM SLOAN-KETTERING CANCER CTR": 277,
                            "MERCY COLL ASSOC DEGREE PROGRAM": 278,
                            "MERCY COLLEGE 4YR UNDERGRAD": 279,
                            "MERCY COLLEGE GRAD SEMESTER": 280,
                            "MERCY COLLEGE GRAD TRIMESTER/QTR": 281,
                            "MERKAZ BNOS": 282,
                            "MESIVTA EASTRN PKWY RABBINICAL CL": 283,
                            "MESIVTA TORAH VODAATH RABBINICAL": 284,
                            "METROPOLITAN COLL OF NEW YORK 4YR": 285,
                            "METROPOLITAN COLLEGE OF NY (GRAD)": 286,
                            "METROPOLITAN LEARNING INSTITUTE": 287,
                            "MIRRER YESHIVA CENTRAL INSTITUTE": 288,
                            "MOHAWK VALLEY COMMUNITY COLLEGE": 289,
                            "MOLLOY COLLEGE 4YR UNDERGRAD": 290,
                            "MONROE COLLEGE (NEW ROCHELLE)": 291,
                            "MONROE COLLEGE ASSOCIATES DEG 2YR": 292,
                            "MONROE COLLEGE BACHELORS DEG 4YR": 293,
                            "MONROE COLLEGE NURSING CERT PROG": 294,
                            "MONROE COMMUNITY COLLEGE": 295,
                            "MONTEFIORE HOSP-RADIATION THERAPY": 296,
                            "MORRISVILLE STATE COLLEGE": 297,
                            "MOUNT ST. MARY COLLEGE - GRAD": 298,
                            "MOUNT ST. MARY COLLEGE 4YR UNDERG": 299,
                            "MT SINAI SCHOOL OF MEDICINE": 300,
                            "N Y COL OF PODIATRIC MEDICINE": 301,
                            "NASSAU COMMUNITY COLLEGE": 302,
                            "NAZARETH COLLEGE 4YR UNDERGRAD": 303,
                            "NAZARETH COLLEGE GRAD": 304,
                            "NEW YORK ACADEMY OF ART": 305,
                            "NEW YORK CAREER INSTITUTE": 306,
                            "NEW YORK CHIROPRACTIC COLLEGE": 307,
                            "NEW YORK INST OF ENGLISH&BUSINESS": 308,
                            "NEW YORK INST TECH": 309,
                            "NEW YORK INST TECH 4YR": 310,
                            "NEW YORK INST TECH ELLIS ONLINE": 311,
                            "NEW YORK INST TECH-EVE SAT PROG": 312,
                            "NEW YORK LAW SCHOOL": 313,
                            "NEW YORK MEDICAL COLLEGE": 314,
                            "NEW YORK METHODIST HOSPITAL": 315,
                            "NEW YORK SCHOOL INTERIOR DESIGN": 316,
                            "NEW YORK SCHOOL OF COURT REPORTNG": 317,
                            "NEW YORK U SCH OF MEDICINE GRAD": 318,
                            "NEW YORK UNIVERSITY 4YR UNDERGRAD": 319,
                            "NEW YORK UNIVERSITY GRAD": 320,
                            "NIAGARA COMMUNITY COLLEGE": 321,
                            "NIAGARA UNIVERSITY 4YR UNDERGRAD": 322,
                            "NIAGARA UNIVERSITY GRAD": 323,
                            "NORTH COUNTRY COMMUNITY COLLEGE": 324,
                            "NY AUTO AND DIESEL INSTITUTE": 325,
                            "NY COLL HEALTH PROF 4YR UG": 326,
                            "NY COLL TRAD CHINESE MEDICINE": 327,
                            "NY COLLEGE OF HEALTH PROFESSIONS": 328,
                            "NY SCHOOL MEDICAL & DENTAL ASST": 329,
                            "NYACK COLLEGE": 330,
                            "NYACK COLLEGE 4YR UNDERGRAD": 331,
                            "NYACK COLLEGE GRAD": 332,
                            "NYIT ELLIS COLL ONLINE GRAD": 333,
                            "OHR HAMEIR THEOLOGICAL SEMINARY": 334,
                            "OLEAN BUSINESS INST": 335,
                            "ONONDAGA COMMUNITY COLLEGE": 336,
                            "ORANGE COUNTY COMMUNITY COLLEGE": 337,
                            "PACE UNIV SCH OF LAW WHITE PLAINS": 338,
                            "PACE UNIVERSITY 4YR UNDERGRAD": 339,
                            "PACE UNIVERSITY GRAD": 340,
                            "PACE UNIVERSITY UNDERGRADUATE": 341,
                            "PACE UNIVERSITY WHITE PLAINS": 342,
                            "PACE UNIVERSITY-DOCTORAL GRAD": 343,
                            "PACIFIC COLL OF ORIENTAL MED 2YR": 344,
                            "PACIFIC COLL OF ORIENTAL MED GRAD": 345,
                            "PAUL SMITHS COLLEGE 2 YR UNDEGRAD": 346,
                            "PAUL SMITHS COLLEGE 4YR UNDERGRAD": 347,
                            "PHILLIPS BETH ISRAEL NURSING BA": 348,
                            "PHILLIPS BETH ISRAEL SCH.NURSING": 349,
                            "PLAZA COLLEGE": 350,
                            "PLAZA COLLEGE-2YR UNDERGRAD": 351,
                            "PLAZA COLLEGE-BA": 352,
                            "PLAZA TEACH-OUT OF NYCI": 353,
                            "POLYTECHNIC UNIV 4YR UNDERGRAD": 354,
                            "POLYTECHNIC UNIVERSITY GRAD": 355,
                            "PRATT INSTITUTE 4YR UNDERGRAD": 356,
                            "PRATT INSTITUTE GRAD": 357,
                            "PROFESSIONAL BUSINESS COLLEGE": 358,
                            "RABBINCAL COL BOBOVER YESHIV BNEI": 359,
                            "RABBINCL ACAD MESIVTA RABBI CHAIM": 360,
                            "RABBINICAL COLL OHR YISROEL": 361,
                            "RABBINICAL COLLEGE BETH SHRAGA": 362,
                            "RABBINICAL COLLEGE OF LONG ISLAND": 363,
                            "RABBINICAL COLLEGE OF OHR SHIMON": 364,
                            "RABBINICAL SEMINARY MKOR CHAIM": 365,
                            "RENSSELAER POLYTECHNIC INST GRAD": 366,
                            "RENSSELAER POLYTECHNIC INST UG": 367,
                            "ROBERTS BUSINESS INST INC": 368,
                            "ROBERTS WESLEYAN COL BSN NON TRAD": 369,
                            "ROBERTS WESLEYAN COLL  UG SEMESTE": 370,
                            "ROBERTS WESLEYAN COLLEGE-GRAD": 371,
                            "ROCHESTER INST TECH 4YR UNDERGRAD": 372,
                            "ROCHESTER INST TECH GRAD": 373,
                            "ROCKLAND COMMUNITY COLLEGE": 374,
                            "S NASSAU HOSP SCH OF RAD TECH": 375,
                            "SAGE COLLEGE OF ALBANY": 376,
                            "SAGE JUNIOR COLLEGE OF ALBANY": 377,
                            "SAMARITAN HOSP SCH OF NURSING": 378,
                            "SAMARITAN HOSPITAL PRAC NURSING": 379,
                            "SANFORD BROWN INSTITUTE": 380,
                            "SARAH LAWRENCE COLL UNDERGRAD": 381,
                            "SARAH LAWRENCE COLLEGE GRAD": 382,
                            "SCHENECTADY COUNTY COMM COLLEGE": 383,
                            "SCHOOL OF VISUAL ARTS UNDERGRAD": 384,
                            "SCHOOL OF VISUAL ARTS-GRAD": 385,
                            "SHOR YOSHUV RABBINICAL COLLEGE": 386,
                            "SIENA COLLEGE": 387,
                            "SIMMONS INSTITUTE FUNERAL SERVICE": 388,
                            "SKIDMORE COL UNV WITHOUT WALLS": 389,
                            "SKIDMORE COLLEGE": 390,
                            "SPANISH-AMERICAN INSTITUTE": 391,
                            "ST BONAVENTURE UNIVERSITY GRAD": 392,
                            "ST BONAVENTURE UNIVERSITY UG": 393,
                            "ST ELIZABETH COLLEGE OF NURSING": 394,
                            "ST ELIZABETH HOSP SCHOOL RAD TECH": 395,
                            "ST FRANCIS COLLEGE": 396,
                            "ST FRANCIS HOSP SCH PRAC NURSING": 397,
                            "ST JAMES MERCY HOSP SCH XRAY TECH": 398,
                            "ST JOHN FISHER COLLEGE UNDERGRAD": 399,
                            "ST JOHN FISHER COLLEGE-GRADUATE": 400,
                            "ST JOHN'S RIVERSIDE HOSP NURS": 401,
                            "ST JOHNS UNIV SCH RADIOGRAPHY": 402,
                            "ST JOHNS UNIV-WEEKEND COLLEGE": 403,
                            "ST JOHNS UNIVERSITY 4YR UG": 404,
                            "ST JOHNS UNIVERSITY LAW SCHOOL": 405,
                            "ST JOHNS UNIVERSITY PHYS ASSIST": 406,
                            "ST JOSEPH COL NUR AT ST JOS HOSP": 407,
                            "ST JOSEPHS COLL BROOKLYN 4YR UG": 408,
                            "ST JOSEPHS COLL PATCHOGUE UG": 409,
                            "ST JOSEPHS COLL PATCHOGUE WEEKEND": 410,
                            "ST LAWRENCE UNIVERSITY 4YR UG": 411,
                            "ST LAWRENCE UNIVERSITY GRAD": 412,
                            "ST LUKES SCHOOL RAD TECH": 413,
                            "ST PAUL'S SCH NURSING": 414,
                            "ST PAUL'S SCH NURSING MED ASSIST": 415,
                            "ST PAUL'S SCH NURSING MED/DENTAL": 416,
                            "ST PAUL'S SCH NURSING SI": 417,
                            "ST PETERS HOSP COLLEGE OF NURSING": 418,
                            "ST THOMAS AQUINAS COLLEGE UG": 419,
                            "ST THOMAS AQUINAS COLLEGE-GRAD": 420,
                            "ST VINCENT CMC PA PROGRAM": 421,
                            "ST VINCENTS HOSP INST EMERG CARE": 422,
                            "ST. JOSEPHS MED CENTER- RAD TECH": 423,
                            "SUC BROCKPORT (UNDERGRAD)": 424,
                            "SUC BROCKPORT GRAD": 425,
                            "SUC BUFFALO (UNDERGRAD)": 426,
                            "SUC BUFFALO GRAD": 427,
                            "SUC CERAMICS AT ALFRED UNIV 4YR U": 428,
                            "SUC CERAMICS AT ALFRED UNIV GRAD": 429,
                            "SUC CORTLAND (UNDERGRAD)": 430,
                            "SUC CORTLAND GRAD": 431,
                            "SUC EMPIRE STATE (2 YR UNDERGRAD)": 432,
                            "SUC EMPIRE STATE (UNDERGRAD)": 433,
                            "SUC EMPIRE STATE GRAD": 434,
                            "SUC ENV SCI&FORESTRY 4YRUNDERGRAD": 435,
                            "SUC ENV SCI&FORESTRY GRAD": 436,
                            "SUC FREDONIA (UNDERGRAD)": 437,
                            "SUC FREDONIA GRAD": 438,
                            "SUC GENESEO (UNDERGRAD)": 439,
                            "SUC GENESEO GRAD": 440,
                            "SUC NEW PALTZ (UNDERGRAD)": 441,
                            "SUC NEW PALTZ GRAD": 442,
                            "SUC OLD WESTBURY (UNDERGRAD)": 443,
                            "SUC OLD WESTBURY GRAD": 444,
                            "SUC ONEONTA (UNDERGRAD)": 445,
                            "SUC ONEONTA GRAD": 446,
                            "SUC OSWEGO (UNDERGRAD)": 447,
                            "SUC OSWEGO GRAD": 448,
                            "SUC POTSDAM (UNDERGRAD)": 449,
                            "SUC POTSDAM GRAD": 450,
                            "SUC PURCHASE (UNDERGRAD)": 451,
                            "SUC PURCHASE-GRAD": 452,
                            "SUFFOLK COMMUNITY COLLEGE": 453,
                            "SULLIVAN COMMUNITY COLLEGE": 454,
                            "SUNBRIDGE COLLEGE": 455,
                            "SUNY ALBANY 4 YR (UNDERGRAD)": 456,
                            "SUNY AT ALBANY GRAD": 457,
                            "SUNY BINGHAMTON 4 YR(UNDERGRAD)": 458,
                            "SUNY BINGHAMTON GRAD": 459,
                            "SUNY BUFFALO 4 YR (UNDERGRAD)": 460,
                            "SUNY BUFFALO GRAD": 461,
                            "SUNY BUFFALO GRAD LAW": 462,
                            "SUNY BUFFALO GRAD MED & DENT": 463,
                            "SUNY COBLESKILL": 464,
                            "SUNY COLLEGE OF OPTOMETRY": 465,
                            "SUNY COLLEGE OF TECH AT ALFRED": 466,
                            "SUNY COLLEGE OF TECH AT CANTON": 467,
                            "SUNY COLLEGE OF TECH AT DELHI": 468,
                            "SUNY COLLEGE OF TECH FARMINGDALE": 469,
                            "SUNY DOWNSTATE MED CENTER GRAD": 470,
                            "SUNY DOWNSTATE MEDICAL CENTER": 471,
                            "SUNY DOWNSTATE MEDICAL CENTER MED": 472,
                            "SUNY MARITIME COLLEGE": 473,
                            "SUNY MARITIME COLLEGE GRAD": 474,
                            "SUNY PLATTSBURGH (UNDERGRAD)": 475,
                            "SUNY PLATTSBURGH GRAD": 476,
                            "SUNY POLYTECHNIC INST GRAD": 477,
                            "SUNY POLYTECHNIC INSTITUTE": 478,
                            "SUNY STONY BROOK 4YR UNDERGRAD": 479,
                            "SUNY STONY BROOK GRAD": 480,
                            "SUNY STONY BROOK MED-DENT": 481,
                            "SUNY UPSTATE MEDICAL UNIV. (GRAD)": 482,
                            "SUNY UPSTATE MEDICAL UNIVERSITY": 483,
                            "SWEDISH INST QRTLY PROGRAMS": 484,
                            "SWEDISH INSTITUTE 2YR UNDERGRAD": 485,
                            "SWEDISH INSTITUTE GRAD": 486,
                            "SYRACUSE UNIVERSITY (UNDERGRAD)": 487,
                            "SYRACUSE UNIVERSITY GRAD": 488,
                            "SYRACUSE UNIVERSITY LAW": 489,
                            "SYRACUSE UNIVERSITY UTICA COLLEGE": 490,
                            "TALMUDICAL INST OF UPSTATE NY": 491,
                            "TALMUDICAL SEMINARY OF BOBOV": 492,
                            "TALMUDICAL SEMINARY OHOLEI TORAH": 493,
                            "TAYLOR BUSINESS INSTITUTE": 494,
                            "TCI TEACH OUT INTERBORO": 495,
                            "TECHNICAL CAREER INSTITUTES": 496,
                            "THE BELANGER SCHOOL OF NURSING": 497,
                            "THE COLLEGE OF WESTCHESTER": 498,
                            "THE KING'S COLLEGE": 499,
                            "THE NEW SCHOOL 4YR UNDERGRAD": 500,
                            "THE NEW SCHOOL- GRAD": 501,
                            "THE NY CONSERV FOR DRAMATIC ARTS": 502,
                            "THE SAGE COLLEGE GRAD": 503,
                            "THE SAGE COLLEGES 4YR UNDERGRAD": 504,
                            "TOMPKINS CORTLAND COMM COLLEGE": 505,
                            "TORAH TEMIMAH TALMUDICAL SEMINARY": 506,
                            "TOURO COLLEGE 4YR UNDERGRAD": 507,
                            "TOURO COLLEGE LAW SCHOOL": 508,
                            "TOURO COLLEGE-MASTERS PROGRAMS": 509,
                            "TRI-STATE COLLEGE OF ACUPUNCTURE": 510,
                            "TROCAIRE COLLEGE": 511,
                            "ULSTER COMMUNITY COLLEGE": 512,
                            "UNION COLLEGE 4YR UNDERGRAD": 513,
                            "UNITED HOSP SCH RADIOLOGIC TECH": 514,
                            "UNITED TALMUDICAL SEMINARY": 515,
                            "UNIV OF ROCHESTER - MED SCHOOL": 516,
                            "UNIV OF ROCHESTER - SCHOOL OF M&D": 517,
                            "UNIV OF ROCHESTER EASTMAN GRAD": 518,
                            "UNIV OF ROCHESTER EASTMAN UG": 519,
                            "UNIV OF ROCHESTER RIVER CAMP GRAD": 520,
                            "UNIV OF ROCHESTER SIMON SCH BUS": 521,
                            "UNIVERSITY OF ROCHESTER UNDERGRAD": 522,
                            "UTA MESIVTA OF KIRYAS JOEL": 523,
                            "UTICA SCHOOL OF COMMERCE": 524,
                            "VASSAR COLLEGE 4YR UNDERGRAD": 525,
                            "VAUGHN COLL AERONAUTICS TECH": 526,
                            "VILLA MARIA COLL OF BUFFALO 2YR": 527,
                            "VILLA MARIA COLL OF BUFFALO 4YR": 528,
                            "WADHAMS HALL": 529,
                            "WAGNER COLLEGE 4YR UNDERGRAD": 530,
                            "WAGNER COLLEGE GRAD": 531,
                            "WEBB INST OF NAVAL ARCH.": 532,
                            "WELLS COLLEGE": 533,
                            "WESTCHESTER COMMUNITY COLLEGE": 534,
                            "WINTHROP HOSPITAL-RADIOGRAPHY": 535,
                            "WOOD TOBE-COBURN SCHOOL": 536,
                            "YESHIVA & KOLLEL HARBOTZAS TORAH": 537,
                            "YESHIVA D'MONSEY": 538,
                            "YESHIVA DERECH CHAIM": 539,
                            "YESHIVA GEDOLAH IMREI YOSEF DSPIN": 540,
                            "YESHIVA GEDOLAH KESSER TORAH": 541,
                            "YESHIVA HECHAL SHEMUEL": 542,
                            "YESHIVA KARLIN STOLIN": 543,
                            "YESHIVA KOLLEL TIFERETH ELIZER": 544,
                            "YESHIVA OF FAR ROCKWAY DERECH AY": 545,
                            "YESHIVA OF MACHZIKAI HADAS": 546,
                            "YESHIVA OF NITRA RABBINICAL COLLE": 547,
                            "YESHIVA OF THE TELSHE ALUMNI": 548,
                            "YESHIVA OHR NAFTOLI": 549,
                            "YESHIVA SHAAR EPHRAIM": 550,
                            "YESHIVA SHAAREI TORAH OF ROCKLAND": 551,
                            "YESHIVA SHOLOM SHACHNA": 552,
                            "YESHIVA UNIV EINSTEIN COL MED": 553,
                            "YESHIVA UNIV GRAD/PROFESSIONAL": 554,
                            "YESHIVA UNIV-WURZWEILER (BLOCK)": 555,
                            "YESHIVA UNIVERSITY": 556,
                            "YESHIVA YESODA HATORAH VETZ CHAIM": 557,
                            "YESHIVAS MAHARIT D'SATMAR": 558,
                            "YESHIVAS NOVOMINSK": 559,
                            "YESHIVAT MIKDASH MELECH": 560,
                            "YESHIVATH VIZNITZ": 561,
                            "YESHIVATH ZICHRON MOSHE": 562
                        },
                        "Sector Type": {
                            "PRIVATE": 0,
                            "PUBLIC": 1
                        },
                        "TAP Sector Group": {
                            "1-CUNY SR": 0,
                            "2-CUNY CC": 1,
                            "3-SUNY SO": 2,
                            "4-SUNY CC": 3,
                            "5-INDEPENDENT": 4,
                            "6-BUS. DEGREE": 5,
                            "7-BUS. NON-DEG": 6,
                            "8-OTHER": 7,
                            "9-CHAPTER XXII": 8
                        }
                    },
                    "columns": [
                        "TAP College Name",
                        "Sector Type",
                        "TAP Sector Group"
                    ]
                }
            ],
            "scale": [
                {
                    "scale": [
                        6.056273309815378,
                        2742.0448435640874,
                        11402.887483990762,
                        157.52385472789072,
                        0.4681913457219701,
                        1.7875080760707305,
                        1290.7591243538598,
                        1050.3909236410593,
                        3201575.943004825
                    ],
                    "mean": [
                        2009.1052463721894,
                        3010.9202678998563,
                        7244.917078615851,
                        284.9602934141285,
                        0.3245096475841174,
                        3.7651092329771965,
                        658.7462924573433,
                        542.4619733694785,
                        1550173.7269717748
                    ],
                    "var": [
                        36.67844640318211,
                        7518809.924116401,
                        130025842.97255316,
                        24813.764808333617,
                        0.21920313620894932,
                        3.1951851220180845,
                        1666059.117102743,
                        1103321.0924675178,
                        10250088518827.236
                    ],
                    "n_samples_seen": 6271,
                    "n_features_in": 9,
                    "columns": [
                        "Academic Year",
                        "TAP College Code",
                        "Federal School Code",
                        "TAP College Name",
                        "Sector Type",
                        "TAP Sector Group",
                        "TAP Recipient Headcount",
                        "TAP Recipient FTEs",
                        "TAP Recipient Dollars"
                    ],
                    "scale_method": "scale_normal"
                }
            ],
            "categorical_y": {
                "2 yr Undergrad": 0,
                "4 yr Undergrad": 1,
                "5 yr Undergrad": 2,
                "Grad": 3,
                "STAP": 4,
                "Unknown": 5
            },
            "ml_task": "multiclass_classification",
            "params": {
                "columns_preprocessing": {
                    "Academic Year": [
                        "scale_normal"
                    ],
                    "TAP College Code": [
                        "scale_normal"
                    ],
                    "Federal School Code": [
                        "scale_normal"
                    ],
                    "TAP College Name": [
                        "categorical_to_int",
                        "scale_normal"
                    ],
                    "Sector Type": [
                        "categorical_to_int",
                        "scale_normal"
                    ],
                    "TAP Sector Group": [
                        "categorical_to_int",
                        "scale_normal"
                    ],
                    "TAP Recipient Headcount": [
                        "scale_normal"
                    ],
                    "TAP Recipient FTEs": [
                        "na_fill_median",
                        "scale_normal"
                    ],
                    "TAP Recipient Dollars": [
                        "scale_normal"
                    ],
                    "tuition_los": [
                        "remove_column"
                    ]
                },
                "target_preprocessing": [
                    "na_exclude",
                    "categorical_to_int"
                ],
                "ml_task": "multiclass_classification"
            }
        }
    ],
    "learners": [
        {
            "library_version": "1.0.2",
            "algorithm_name": "Neural Network",
            "algorithm_short_name": "Neural Network",
            "uid": "8fdab45f-1b09-4e6c-af04-3bc423f65723",
            "params": {
                "model_type": "Neural Network",
                "ml_task": "multiclass_classification",
                "n_jobs": -1,
                "dense_1_size": 32,
                "dense_2_size": 16,
                "learning_rate": 0.05,
                "seed": 5,
                "num_class": 6,
                "explain_level": 2
            },
            "name": "learner_fold_0"
        }
    ],
    "params": {
        "additional": {
            "max_rows_limit": null,
            "max_cols_limit": null
        },
        "preprocessing": {
            "columns_preprocessing": {
                "Academic Year": [
                    "scale_normal"
                ],
                "TAP College Code": [
                    "scale_normal"
                ],
                "Federal School Code": [
                    "scale_normal"
                ],
                "TAP College Name": [
                    "categorical_to_int",
                    "scale_normal"
                ],
                "Sector Type": [
                    "categorical_to_int",
                    "scale_normal"
                ],
                "TAP Sector Group": [
                    "categorical_to_int",
                    "scale_normal"
                ],
                "TAP Recipient Headcount": [
                    "scale_normal"
                ],
                "TAP Recipient FTEs": [
                    "na_fill_median",
                    "scale_normal"
                ],
                "TAP Recipient Dollars": [
                    "scale_normal"
                ],
                "tuition_los": [
                    "remove_column"
                ]
            },
            "target_preprocessing": [
                "na_exclude",
                "categorical_to_int"
            ],
            "ml_task": "multiclass_classification"
        },
        "validation_strategy": {
            "validation_type": "split",
            "train_ratio": 0.75,
            "shuffle": true,
            "stratify": true,
            "X_path": "tuition_level/X.data",
            "y_path": "tuition_level/y.data",
            "results_path": "tuition_level"
        },
        "learner": {
            "model_type": "Neural Network",
            "ml_task": "multiclass_classification",
            "n_jobs": -1,
            "dense_1_size": 32,
            "dense_2_size": 16,
            "learning_rate": 0.05,
            "seed": 5,
            "num_class": 6,
            "explain_level": 2
        },
        "automl_random_state": 1234,
        "ml_task": "multiclass_classification",
        "explain_level": 2,
        "name": "5_Default_NeuralNetwork",
        "status": "initialized",
        "final_loss": null,
        "train_time": null,
        "data_type": "original",
        "max_time_for_learner": 360.0
    },
    "saved": [
        "5_Default_NeuralNetwork/learner_fold_0.neural_network"
    ],
    "predictions_fname": "5_Default_NeuralNetwork/predictions_validation.csv",
    "metric_name": "logloss",
    "final_loss": 0.3645180098577858,
    "train_time": 8.101306438446045,
    "is_stacked": false
}