prediction,target
1071.9567,1075
8323.121,8323
1040.5327,1040
2146.616,2147
1409.0184,1409
523.1286,525
2323.0967,2321
8321.5625,8322
272.9262,270
405.95013,405
874.33856,875
6123.6353,6122
8240.41,8237
864.62274,865
7509.8335,7510
8204.849,8206
141.6159,140
639.5888,640
830.93884,830
2042.4886,2042
8325.235,8335
6018.4287,6018
835.9335,838
2297.8323,2300
1099.8002,1099
923.74646,925
4974.858,4975
844.7997,845
2243.0583,2243
1411.3137,1411
6005.1567,6005
2261.7327,2262
669.4184,670
8302.168,8302
1014.95764,1015
174.0932,174
1608.7158,1610
8251.944,8250
2214.8088,2215
8230.001,8228
904.85486,905
3031.8113,3030
743.48773,745
6005.5024,6005
407.6491,410
6736.7515,6734
1411.1676,1411
1523.4015,1525
8220.373,8223
8296.283,8296
1416.8253,1417
901.7611,900
6139.9385,6140
8288.252,8286
404.10248,403
1417.9237,1418
1009.5975,1010
964.58417,965
3019.6665,3020
2119.5576,2120
1022.48846,1022
8269.548,8266
2024.7803,2025
2080.4812,2080
944.73865,945
2253.0352,2252
7245.417,7260
8260.862,8261
2054.1206,2051
911.1483,913
8206.596,8207
440.95844,440
325.2917,325
2177.7412,2178
7477.9204,7480
2053.484,2053
650.88763,650
6696.4897,6698
7868.884,7722
1027.6251,1030
6010.1367,6010
2297.9192,2300
934.73553,935
699.0434,695
8251.641,8250
8314.127,8314
7120.521,7121
213.81953,215
7734.5767,7736
8327.749,8328
998.54504,999
1416.7795,1417
6119.6045,6124
8215.404,8201
406.1657,405
141.43793,140
20.229439,20
2157.7236,2157
8276.445,8280
843.4706,844
7811.333,7816
8261.0205,8261
8308.456,8308
684.4394,685
675.0439,675
6270.5117,6270
2039.2493,2040
2322.3337,2326
1413.9336,1414
6736.392,6734
916.40936,915
3005.0967,3005
405.95013,405
6014.9727,6015
6119.6045,6124
591.64764,590
7900.6143,7901
419.60052,420
6015.0166,6015
4885.29,4886
2252.9255,2252
2214.8088,2215
2258.5408,2258
2253.4504,2254
8271.022,8271
301.77875,300
1414.8949,1415
6720.4873,6730
2064.891,2065
2000.2468,2000
120.454544,120
931.2416,930
406.1657,405
948.89813,950
911.1483,913
964.58417,965
1414.879,1415
998.38983,999
998.54504,999
1409.0708,1409
1009.4667,1010
1405.562,1405
574.7338,575
173.88055,175
1411.1744,1411
8251.753,8250
8215.404,8201
901.93964,900
2143.3508,2144
2024.7803,2025
707.52313,710
8274.187,8274
8302.168,8302
8312.406,8312
8313.289,8312
964.5632,965
130.84686,130
1412.9714,1413
535.3818,535
440.69452,440
8287.574,8288
764.5319,765
288.5617,287
1406.0963,1407
639.6257,640
698.71796,695
931.1908,930
995.8841,995
8230.025,8228
20.20942,20
8214.594,8211
1416.8871,1417
956.94696,955
669.3945,670
904.85486,905
675.3498,675
1607.4396,1607
328.61005,330
272.8515,270
2075.0117,2075
294.60516,295
8309.186,8308
34.95771,35
1404.4349,1404
244.53438,245
6139.9385,6140
2238.9316,2240
855.3954,855
893.6415,895
8260.128,8264
2080.4858,2080
209.24702,210
2220.3872,2220
555.6015,555
944.76385,945
1099.8002,1099
2038.4817,2038
1022.46454,1022
931.1249,930
2261.8804,2262
196.85321,195
540.0361,541
8204.04,8202
881.40204,880
2119.5127,2120
6696.4897,6698
909.2611,910
8279.333,8277
2319.1357,2320
8303.424,8305
555.466,555
7856.633,7858
8210.379,8209
7477.9204,7480
864.62274,865
2220.5356,2220
6031.076,6030
1042.3176,1045
8257.807,8255
8257.719,8255
1417.949,1420
2082.3604,2083
7740.0596,7740
855.4208,855
1014.73157,1015
2297.8577,2300
6005.1816,6005
1432.6636,1422
944.8298,945
8269.167,8270
196.91132,195
10.3417425,10
574.9091,575
535.5795,535
2230.5469,2230
505.56952,505
404.10712,403
294.73822,295
341.31512,340
131.08856,130
24.77192,25
328.75018,330
8308.975,8308
916.25476,915
2277.1113,2275
328.63568,330
917.97253,916
949.22156,950
582.4455,580
8313.11,8312
8269.148,8270
616.67426,615
874.6784,875
904.8329,905
904.87616,905
974.3577,975
2100.7764,2100
1409.8258,1410
1415.0353,1415
7731.2446,7732
437.1579,438
8215.218,8201
2243.053,2243
1523.4277,1525
1413.9336,1414
8320.218,8319
7725.8657,7725
949.12244,950
2039.2493,2040
8321.418,8322
6031.1953,6030
8268.575,8266
6139.9385,6140
3030.0283,3030
2053.2869,2053
2075.0059,2075
8236.804,8236
2110.6008,2110
2124.4104,2125
2119.581,2120
2100.8147,2100
2158.6174,2158
2179.7898,2180
2319.1357,2320
2325.6406,2322
2093.2502,2093
959.86414,960
6123.208,6122
964.5632,965
909.2611,910
6144.4004,6144
956.94696,955
684.14545,685
7518.0337,7518
8276.603,8280
7739.3955,7738
135.58588,136
956.6755,955
8301.93,8302
8302.168,8302
939.4525,940
934.73553,935
1405.562,1405
1084.2783,1085
998.3918,999
500.78656,500
8315.605,8317
6015.0166,6015
7975.6924,7977
8204.876,8206
2185.698,2185
173.63641,174
2259.553,2260
2265.5076,2265
1412.9656,1413
2235.067,2235
919.99725,920
1414.9093,1415
8235.291,8236
8293.836,8294
34.95771,35
8204.008,8204
1009.5975,1010
7740.0596,7740
8239.498,8237
8221.829,8226
6270.5117,6270
8273.779,8272
8316.25,8318
8327.966,8328
844.7997,845
843.5287,844
830.9924,830
774.8962,775
7730.5537,7730
864.62274,865
7903.5303,7903
1406.1177,1407
8321.055,8321
974.4084,975
555.466,555
407.26703,407
328.75018,330
8327.966,8328
8313.8125,8316
407.08978,407
8327.538,8328
8315.201,8316
558.309,560
301.59296,300
325.2917,325
1621.7701,1620
171.68817,171
8279.419,8277
633.7983,635
288.67255,287
294.24213,295
836.0443,836
355.30023,355
843.4706,844
890.01355,890
919.99725,920
939.5695,940
934.73553,935
944.862,945
24.870308,25
948.98035,950
8297.507,8298
949.14764,950
985.11835,985
10.3417425,10
1417.9625,1418
944.88055,945
405.95013,405
523.5395,525
1022.81085,1022
874.6784,875
1405.4939,1405
2119.626,2120
1413.9336,1414
2187.4495,2188
6023.942,6025
1414.9093,1415
2053.2869,2053
2064.8127,2065
2119.5952,2120
8270.069,8266
2140.6096,2140
2179.9355,2180
2230.5823,2230
2214.8254,2215
3005.0967,3005
3019.6218,3020
4885.406,4886
8204.889,8202
8206.437,8207
7900.6143,7901
7937.6694,7937
2101.0835,2100
1421.594,1421
7725.8657,7725
7730.5537,7730
1409.0184,1409
7150.5205,7131
7120.521,7121
8271.022,8271
956.94696,955
4974.29,4975
6142.3438,6140
995.8841,995
2323.0967,2321
3004.878,3005
2234.958,2235
1009.55945,1010
698.71796,695
7926.2485,7924
2000.2468,2000
959.91003,960
904.8329,905
1413.862,1414
8288.252,8286
1533.2246,1535
2046.4988,2045
1416.8253,1417
2124.4104,2125
8257.39,8255
8243.99,8244
8220.832,8223
155.6596,155
8204.744,8204
196.91132,195
7121.2476,7124
970.34485,970
8303.267,8305
8273.168,8272
835.9108,838
574.9213,575
535.5539,535
454.85345,455
1607.4396,1607
639.6257,640
2085.5186,2085
2080.5645,2080
8268.575,8266
209.34737,210
830.7748,830
3030.151,3030
2259.553,2260
6020.2334,6020
6144.448,6144
605.35175,605
639.95795,641
8315.605,8317
8251.739,8250
7855.6436,7858
7975.704,7977
8239.507,8237
8244.126,8244
8229.716,8228
8260.709,8264
8204.362,8204
1022.6888,1022
7477.9204,7480
8287.515,8288
7725.8657,7725
8273.272,8274
8296.392,8296
7702.0454,7699
8297.135,8298
7150.5205,7131
8313.702,8314
8312.406,8312
2261.989,2262
6433.2607,6445
2235.067,2235
2053.2869,2053
155.6596,155
8320.143,8320
500.91327,500
135.65765,136
6695.6006,6698
376.14594,375
923.62976,925
8315.201,8316
591.64764,590
169.7951,170
2119.5952,2120
288.67255,287
2234.958,2235
2064.891,2065
713.3083,715
555.6015,555
8327.912,8328
244.6606,245
8323.304,8324
2070.144,2070
2000.3357,2000
2035.6702,2036
1022.4542,1022
1413.9336,1414
1411.1744,1411
1413.9404,1414
1408.9874,1409
1409.8258,1410
1409.7892,1410
1421.594,1421
1099.812,1099
1608.6903,1610
1042.3176,1045
2035.318,2035
2124.4104,2125
1417.9625,1418
1016.2747,1016
2035.0686,2035
2158.6174,2158
989.64386,990
764.5319,765
1405.562,1405
893.6415,895
864.62274,865
874.65643,875
855.4208,855
835.9335,838
8314.075,8314
713.63544,715
669.3493,670
2053.9434,2051
8309.4795,8310
8301.582,8300
2075.0117,2075
523.5395,525
2080.4858,2080
2093.2502,2093
8301.853,8300
8244.595,8246
8214.116,8211
8214.509,8209
7940.7227,7941
7867.4023,7863
7733.8384,7734
7121.2476,7124
506.30536,505
2313.8582,2315
2258.5408,2258
404.57953,403
2075.1926,2075
2042.4127,2042
447.17987,447
1523.4277,1525
1051.9231,1050
437.1579,438
974.5228,975
948.93085,950
916.40936,915
844.7997,845
281.1491,285
735.8017,735
244.53438,245
325.25385,325
342.53998,345
447.62494,447
406.1657,405
405.95013,405
294.73822,295
173.8996,174
171.32343,171
89.57343,90
890.01355,890
970.47644,970
2319.1091,2320
6015.0127,6015
7734.6416,7736
196.914,195
141.43793,140
89.57343,90
893.4945,895
901.7543,900
698.48676,695
650.97015,650
775.13934,775
89.51264,90
7901.096,7901
633.7519,635
698.4423,695
707.52313,710
34.95771,35
244.53438,245
209.31123,210
328.63568,330
376.6723,375
173.79315,174
506.30536,505
750.57416,751
523.3271,525
550.1181,550
758.51166,758
558.309,560
555.6015,555
639.7045,640
650.9277,650
651.43475,650
964.5632,965
616.94696,615
1009.5975,1010
998.3918,999
605.37933,605
1402.708,1403
1042.3176,1045
1040.5327,1040
1523.4277,1525
1608.7742,1610
2035.6702,2036
2035.0061,2035
1027.6251,1030
1414.9093,1415
2100.7764,2100
911.37616,913
2157.7449,2157
2159.9495,2160
2179.7769,2180
2230.5415,2230
931.1249,930
2313.8604,2315
934.9914,935
2053.2869,2053
6020.25,6020
6434.732,6445
6268.963,6270
3004.9595,3005
7731.2446,7732
6694.673,6698
8269.968,8270
2157.5503,2157
8273.168,8272
8301.582,8300
8297.507,8298
8301.981,8302
1022.6888,1022
8321.5625,8322
8323.794,8326
8315.201,8316
8301.853,8300
8288.306,8290
8270.932,8271
8261.0205,8261
8257.239,8255
8244.139,8244
8239.507,8237
7896.4736,7895
7855.6436,7858
7825.5796,7826
7265.4404,7262
6736.1904,6734
6734.587,6732
6093.5073,6093
6018.4805,6018
4974.348,4975
2277.2268,2275
2256.3687,2256
2252.9255,2252
2119.5952,2120
2088.1829,2092
2085.5186,2085
2070.144,2070
2064.8586,2065
2039.2493,2040
2000.3357,2000
1607.4396,1607
1417.9237,1418
1416.8002,1417
1411.1744,1411
989.9085,990
985.34,985
939.4525,940
919.99725,920
890.01355,890
881.1854,880
842.3581,840
713.63544,715
675.31537,675
669.3493,670
639.95795,641
505.56952,505
407.643,410
404.0573,403
1415.0353,1415
989.6803,990
931.2416,930
244.53438,245
842.2668,840
605.37933,605
535.9316,535
447.62494,447
419.50507,420
301.53705,300
89.500435,90
10.3417425,10
713.63544,715
669.3493,670
904.8329,905
974.4084,975
1400.5686,1400
2093.167,2093
2243.0493,2243
3024.9678,3025
3030.0283,3030
6019.986,6020
2053.7432,2051
2268.9177,2270
8261.0205,8261
8268.91,8270
8288.306,8290
8303.267,8305
8327.538,8328
2042.4127,2042
20.250923,20
555.4235,555
707.52313,710
750.6711,751
855.4208,855
864.62274,865
750.8742,751
931.1249,930
949.1229,950
916.40936,915
1417.9237,1418
1607.4396,1607
1412.0636,1412
2119.5388,2120
2035.0686,2035
6123.387,6122
6816.5103,6836
6031.1953,6030
6031.0225,6030
6005.2007,6005
7725.093,7725
7825.2227,7826
2261.8005,2262
7896.206,7895
2235.067,2235
8204.792,8204
2185.6772,2185
8204.876,8206
2075.0972,2075
8232.94,8235
8321.5625,8322
8313.028,8314
1416.8253,1417
1409.7892,1410
948.8983,950
1016.2747,1016
639.95795,641
591.79803,591
535.45233,535
404.0573,403
288.68036,288
173.88055,175
343.123,345
2179.7898,2180
1027.6251,1030
8323.818,8326
8315.201,8316
8287.515,8288
8274.068,8272
8229.849,8228
8204.536,8204
7925.282,7924
6830.292,6830
6268.963,6270
6018.4805,6018
3019.6218,3020
2261.9075,2262
2238.808,2240
2112.0613,2113
1409.0184,1409
1402.6252,1403
1051.9231,1050
8286.528,8286
8261.0205,8261
8244.077,8244
8209.398,8210
8204.567,8204
7940.5283,7941
7925.2876,7924
934.73553,935
7733.9424,7734
7493.3804,7491
7444.4424,7440
7150.9595,7131
6262.7046,6262
6031.1836,6030
3015.4639,3015
2313.8604,2315
2223.7217,2225
2157.5503,2157
855.63855,855
842.3615,840
2075.0117,2075
2035.7991,2036
2035.2848,2035
2005.5267,2005
1621.4822,1620
1533.2246,1535
1417.9237,1418
1415.9647,1416
1415.0353,1415
1406.1177,1407
1404.4349,1404
1400.5686,1400
985.34,985
974.3834,975
970.47644,970
964.5632,965
904.87616,905
901.7543,900
759.299,762
750.8742,751
713.3083,715
684.14545,685
669.3366,670
639.6257,640
405.95013,405
376.14594,375
288.6601,288
141.50555,140
155.39398,155
342.5644,345
440.09296,440
505.56952,505
633.7519,635
916.40936,915
2235.5464,2235
4974.858,4975
45.552925,45
130.84686,130
213.96748,215
173.88055,175
301.59296,300
406.14008,405
447.17987,447
535.5795,535
606.68915,610
764.5319,765
844.7997,845
890.01355,890
675.31537,675
964.58417,965
1400.8798,1401
1418.0833,1420
2070.144,2070
2048.142,2050
2085.5232,2085
2119.626,2120
2230.5378,2230
1552.3082,1550
2297.9734,2300
3005.0967,3005
6020.25,6020
6123.568,6122
2238.808,2240
7731.2446,7732
7869.057,7870
7951.789,7952
7895.218,7895
7874.311,7874
8315.201,8316
8322.144,8324
8257.417,8255
7976.1265,7977
7855.6436,7858
7715.5557,7720
6734.587,6732
6093.419,6093
3019.6218,3020
3004.9407,3005
6018.1416,6018
2259.553,2260
2038.5701,2038
328.75018,330
288.68036,288
11.337836,11
1412.8881,1413
1409.8258,1410
1040.5327,1040
989.8913,990
8325.921,8328
8321.5625,8322
8309.007,8308
7825.4404,7826
901.7543,900
1009.5975,1010
7265.4834,7264
1016.319,1016
1414.8949,1415
6031.0728,6030
1552.3082,1550
8319.992,8319
8315.022,8316
8288.252,8286
8275.819,8280
7863.697,7863
7855.909,7858
7846.065,7845
7830.311,7830
7739.868,7740
7444.3267,7440
7151.611,7131
7120.786,7121
6736.5063,6734
6268.963,6270
6018.5786,6018
4974.734,4975
3019.6218,3020
2268.9177,2270
2177.851,2178
2179.7769,2180
2179.9814,2180
2179.9355,2180
2157.7449,2157
2140.6096,2140
2124.4104,2125
2323.4358,2321
3019.4153,3020
2047.1707,2045
2048.142,2050
2035.318,2035
2080.5083,2080
2093.167,2093
2110.7659,2110
2005.734,2005
2158.6174,2158
1684.307,1690
2297.9355,2300
2235.067,2235
1655.7894,1653
1649.6078,1650
2223.7217,2225
1605.6158,1606
1533.2227,1535
2313.8604,2315
2146.5715,2147
1417.9625,1418
1415.9647,1416
2252.9255,2252
7258.456,7260
7265.4834,7262
1413.9404,1414
6093.576,6093
1412.9656,1413
2046.3998,2045
1406.0963,1407
1405.5342,1405
2258.5527,2258
1402.708,1403
1402.0768,1402
6734.6562,6732
1099.5704,1099
6005.5103,6005
985.3192,985
974.5228,975
944.76385,945
939.4525,940
931.1249,930
919.8503,920
916.25476,915
911.37616,913
910.8747,913
909.1146,910
901.7611,900
881.1854,880
7739.1665,7738
855.4208,855
7832.857,7833
835.85486,838
750.65814,751
743.2917,745
735.5236,735
735.8017,735
639.7045,640
616.67694,615
617.0175,615
591.64764,591
574.8151,575
539.94916,541
506.35492,505
500.92596,500
454.84784,455
440.09296,440
376.69623,375
376.14594,375
342.5644,345
328.63568,330
8301.624,8302
196.914,195
8312.896,8312
190.25677,190
171.5622,171
135.65765,136
120.44844,120
89.57343,90
45.749947,45
34.95771,35
8268.86,8266
11.174262,11
24.952583,25
169.95331,170
8323.145,8324
8297.135,8298
419.64325,420
500.78656,500
512.0761,515
558.0966,560
684.2165,685
7903.318,7903
1009.5975,1010
605.55023,605
669.4389,670
447.19867,447
944.88055,945
985.14954,985
1402.708,1403
1412.0422,1412
1416.8936,1417
1417.9237,1418
2093.167,2093
2110.6743,2110
2158.6174,2158
2185.591,2185
8314.191,8314
8297.224,8298
8293.68,8294
8293.21,8294
8288.252,8286
8274.068,8272
8260.979,8261
8251.552,8250
8244.019,8246
7965.079,7964
7845.935,7845
7836.2734,7837
7832.818,7833
7826.447,7826
7740.542,7740
7731.63,7730
7518.284,7518
7510.435,7510
7490.212,7491
7121.5127,7124
6830.6826,6830
6734.6562,6732
6694.673,6698
6123.108,6122
6031.076,6030
6023.942,6025
3030.0283,3030
3009.9065,3010
2313.8604,2315
2230.5378,2230
2223.7217,2225
2214.882,2215
2140.6096,2140
2110.6226,2110
2100.8054,2100
2070.144,2070
2065.0657,2065
2042.4127,2042
2035.0061,2035
1999.1752,2000
1674.5338,1674
1522.4642,1525
1416.8112,1417
1415.9454,1416
1415.9647,1416
1409.0718,1409
1405.4939,1405
1405.5342,1405
1404.5526,1404
1402.464,1403
1402.0768,1402
995.8841,995
974.37854,975
970.3573,970
934.73553,935
923.9403,925
890.03357,890
881.20544,880
874.661,875
874.683,875
847.5492,847
758.5163,758
735.5607,735
698.50287,695
684.4838,685
633.6469,635
574.85956,575
574.9433,575
574.7541,575
523.3715,525
523.5837,525
454.82562,455
447.66937,447
440.352,440
406.2099,405
376.71674,375
328.79437,330
301.80316,300
272.50946,270
171.84515,171
155.77313,155
35.14863,35
20.060005,20
11.303657,11
11.218696,11
10.370551,10
162.52313,166
407.6999,410
6005.5103,6005
6019.986,6020
7725.1484,7725
7731.5093,7732
7841.918,7839
7940.5283,7941
1409.0184,1409
1406.1177,1407
1405.5342,1405
1404.5969,1404
1402.1814,1402
1400.5472,1400
1084.2783,1085
1009.61444,1010
989.64386,990
970.34485,970
959.8039,960
948.97156,950
944.88055,945
939.43835,940
934.8317,935
923.74646,925
920.01697,920
916.4291,915
911.3959,913
855.6828,855
830.7943,830
698.50287,695
558.14105,560
555.6457,555
555.6401,555
535.633,535
535.5639,535
500.83075,500
447.66937,447
440.41254,440
437.1352,438
342.5844,345
341.39716,340
301.63715,300
214.01167,215
196.95575,195
196.83368,195
173.68085,174
174.07,174
169.9975,170
169.97797,168
141.34027,140
123.86348,125
120.477005,120
45.64936,45
25.044136,25
11.319037,11
89.529,90
130.87567,130
325.33588,325
698.53925,695
864.62714,865
881.1042,880
901.7741,900
916.2746,915
964.58417,965
974.5228,975
1405.4939,1405
1621.871,1620
2230.5415,2230
7026.366,7030
2261.8774,2262
7879.4814,7880
7841.694,7839
7835.497,7830
7739.868,7740
7734.714,7734
7443.074,7440
7265.242,7262
7258.415,7260
7048.749,7045
6939.556,6936
6096.9204,6093
6024.2515,6025
6023.942,6025
6005.1035,6005
4974.6045,4975
3030.179,3030
3019.6218,3020
3015.4639,3015
3005.0967,3005
2318.9968,2320
2313.8704,2315
2258.6895,2258
2256.3687,2256
2179.7898,2180
2157.501,2157
2143.3628,2144
2100.7764,2100
2070.153,2070
2065.0083,2065
2065.0657,2065
2053.2869,2053
2046.3998,2045
2039.2493,2040
2035.2848,2035
1684.2869,1690
1674.5338,1674
1655.7894,1653
1649.5953,1650
1607.4396,1607
1605.6158,1606
1417.9932,1418
1416.8253,1417
1416.8657,1417
1415.9454,1416
555.6401,555
523.5837,525
512.25604,515
500.95502,500
447.19867,447
447.66937,447
440.3996,440
437.26263,437
341.39716,340
328.70404,330
304.299,305
294.78265,295
196.83368,195
162.60858,166
155.77313,155
54.999702,55
25.007515,25
20.422066,20
34.986275,35
89.602,90
173.70917,174
406.00092,403
675.32,675
698.50287,695
874.661,875
998.4523,999
1400.9757,1400
1402.0768,1402
1409.0718,1409
1415.9454,1416
1649.5953,1650
2035.6976,2036
2230.3066,2230
2238.808,2240
2256.4065,2256
5020.584,5021
5119.465,5120
5212.3135,5215
5397.192,5395
5490.794,5490
5559.7056,5560
5622.4473,5625
5643.586,5645
5763.6636,5765
5874.4165,5870
6005.4985,6005
5793.429,5795
6031.1836,6030
6119.427,6124
7506.0244,7481
7518.284,7518
7735.1045,7736
7933.878,7936
7925.2656,7924
7880.4854,7880
7868.1577,7870
7862.5615,7863
7856.376,7858
7841.8154,7839
7836.296,7837
7833.1064,7833
7739.841,7738
7734.28,7734
7731.5093,7732
7702.1226,7699
7471.008,7486
7506.0796,7481
7478.6406,7480
7444.353,7440
7265.242,7262
7121.6025,7121
7028.6416,7036
7034.147,7031
6695.6006,6698
6144.8438,6140
5914.7417,5920
5869.0703,5866
5800.796,5799
5742.2383,5745
5689.388,5695
5648.461,5655
5598.873,5605
5590.379,5590
5570.55,5568
5566.59,5565
5535.253,5536
5512.324,5510
5468.956,5465
5456.8433,5455
5441.6284,5445
5397.629,5400
5396.901,5396
5372.9194,5385
5292.343,5295
5273.56,5268
5212.939,5216
5153.148,5151
5134.497,5133
5117.062,5115
7976.017,7977
5076.3306,5070
5058.5674,5060
5049.181,5055
5033.603,5033
5032.2134,5030
5020.6133,5020
5018.1274,5017
5013.0913,5011
2308.715,2310
2269.0376,2270
2268.9177,2270
2259.553,2260
2253.7634,2252
2223.7217,2225
2157.572,2157
2119.5952,2120
2119.4363,2120
2110.6135,2110
2082.403,2083
2075.0059,2075
2065.015,2065
2053.2869,2053
2053.9558,2051
2042.4127,2042
2035.0686,2035
2024.6252,2025
2005.5267,2005
1655.7894,1653
1416.8002,1417
1411.1676,1411
1409.7892,1410
1406.1177,1407
1404.4349,1404
1400.5686,1400
1099.8002,1099
1051.7676,1050
1016.319,1016
985.3192,985
974.3942,975
974.5228,975
956.68524,955
944.88055,945
939.5695,940
920.01697,920
916.4084,915
909.1644,910
904.8527,905
904.8962,905
901.7741,900
874.683,875
864.65643,865
847.4413,847
844.8441,845
775.144,775
735.58636,735
713.6401,715
698.60736,695
684.2609,685
616.7211,615
617.06195,615
606.73065,610
605.5483,605
591.6921,590
574.91766,575
574.7541,575
555.5102,555
7953.9204,7959
7951.789,7952
7934.044,7936
7879.4814,7880
7845.935,7845
7830.3203,7830
7718.468,7720
7506.379,7481
7121.3804,7124
7020.3486,7035
6939.6787,6936
6732.5195,6731
6142.0586,6140
7734.207,7734
6023.942,6025
6018.4287,6018
6010.051,6010
6005.1035,6005
5869.0703,5866
5822.6816,5820
5788.9185,5785
5726.957,5725
5669.9385,5674
5668.8203,5672
5614.868,5610
5589.8096,5590
5587.509,5585
5553.2466,5555
5535.3394,5536
5534.8647,5530
5514.2554,5515
5512.0913,5510
5489.687,5489
5483.841,5487
5480.457,5480
5473.5845,5475
5421.784,5425
5420.8486,5415
5396.27,5396
5391.882,5390
5347.072,5345
5342.9033,5340
5322.7144,5325
5313.94,5310
5287.703,5285
5240.1235,5240
5235.7324,5235
5212.939,5216
5198.634,5200
5119.465,5120
5115.2285,5110
5079.321,5075
5058.4585,5060
5047.2207,5045
5033.339,5033
5020.6133,5020
5017.7964,5017
4999.1196,5000
4974.6045,4975
4974.942,4975
3024.8408,3025
3024.9587,3025
3004.9595,3005
3005.0967,3005
2313.9758,2315
2256.3877,2256
2253.4504,2254
2252.9255,2252
2157.7236,2157
2143.3628,2144
2140.6096,2140
2119.626,2120
2103.3357,2105
2082.403,2083
2080.5476,2080
2080.5083,2080
2075.033,2075
2065.0847,2065
2046.5691,2045
2038.699,2038
2035.7991,2036
1655.6475,1653
1552.397,1550
1418.14,1420
1417.9237,1418
1417.9932,1418
1415.9647,1416
1411.1744,1411
1404.4349,1404
1402.0768,1402
1400.8988,1401
1084.2783,1085
1051.7676,1050
1027.6251,1030
1022.6888,1022
1009.5975,1010
989.64386,990
974.4084,975
956.94696,955
944.73865,945
944.88055,945
931.22107,930
901.7811,900
874.683,875
855.50555,855
843.83826,844
830.8195,830
743.4919,745
713.6401,715
698.62103,695
591.6921,591
574.6921,575
558.3532,560
550.21674,550
540.1169,541
505.61395,505
500.8969,500
447.19867,447
440.425,440
405.99432,405
404.9223,403
405.4743,403
342.5844,345
328.6801,330
326.10687,327
304.299,305
294.3122,295
288.76923,287
197.62152,195
173.81488,175
173.92499,175
172.00824,171
155.44843,155
155.77313,155
141.34027,140
11.218696,11
7869.1655,7870
7863.55,7863
7856.3955,7858
7841.9326,7839
7739.534,7738
7730.825,7730
7688.366,7690
7508.849,7481
7506.5327,7481
7485.083,7477
7475.501,7475
7265.2944,7262
7119.587,7120
6939.5923,6936
6316.0527,6315
6262.7124,6262
6141.048,6140
6139.6543,6140
6030.93,6030
6031.1836,6030
6020.649,6018
6018.4287,6018
6015.009,6015
6005.1147,6005
5914.024,5965
5854.76,5858
5812.688,5810
5769.739,5770
5762.982,5765
5727.3276,5725
5644.6196,5645
5640.9976,5640
5639.1187,5635
5622.4473,5625
5618.551,5620
5616.118,5615
5570.55,5568
5545.4976,5545
5537.7046,5540
5535.5938,5535
5512.024,5510
5491.3584,5490
5457.3037,5456
5450.379,5450
5432.164,5431
5415.3037,5420
5418.94,5418
5420.8486,5415
5397.192,5395
5354.3345,5355
5293.8604,5295
5288.1367,5285
5235.8213,5235
5207.8853,5205
5133.693,5132
5119.465,5120
5115.2285,5110
5035.649,5040
5034.1187,5035
5021.752,5020
4885.195,4886
4885.406,4886
3024.8408,3025
3024.9624,3025
2313.9758,2315
2309.1614,2310
2269.0413,2270
2253.4504,2254
2243.0935,2243
2214.8254,2215
2179.9355,2180
2157.9512,2157
2146.616,2147
2143.3628,2144
2119.626,2120
2085.5186,2085
2082.403,2083
2080.5662,2080
2074.947,2075
2035.2848,2035
1673.7556,1668
1642.3708,1642
1608.7742,1610
1552.397,1550
1533.2246,1535
1416.8002,1417
1415.9454,1416
1414.9093,1415
1412.9656,1413
1412.2206,1412
1411.1676,1411
1409.7892,1410
1409.8258,1410
1409.0718,1409
1409.0184,1409
1405.4939,1405
1400.5472,1400
1099.8192,1099
1099.7906,1099
1022.40656,1022
1014.73596,1015
989.8913,990
970.47644,970
964.58417,965
959.3459,960
949.25946,950
934.73553,935
934.8317,935
931.22107,930
923.74646,925
920.01697,920
916.4084,915
904.8527,905
901.7811,900
901.7741,900
874.661,875
874.683,875
864.6755,865
856.1854,860
855.6828,855
844.8441,845
836.049,836
759.1872,762
735.80634,735
684.1977,685
651.33954,650
633.84247,635
606.70526,610
606.1816,610
591.6921,590
574.85956,575
574.7541,575
558.3532,560
550.21674,550
523.5837,525
455.0041,455
449.03265,450
418.96747,420
419.68768,420
405.99432,405
404.9223,403
326.11957,327
325.40765,325
196.83368,195
169.83954,170
169.6081,168
162.60687,166
120.48335,120
89.46845,90
34.986275,35
11.218696,11
10.370551,10
7976.659,7977
7953.9204,7959
7937.7046,7937
2053.8586,2051
2038.699,2038
1677.141,1676
1686.8574,1690
1655.6599,1653
1642.3635,1642
1621.7305,1620
1624.0933,1615
1533.197,1535
1417.9651,1418
1416.8936,1417
1413.9336,1414
1411.1744,1411
1406.0963,1407
1405.562,1405
1400.9757,1400
1099.7626,1099
1074.874,1075
1014.6818,1015
1009.5975,1010
985.34,985
974.5731,975
970.3573,970
959.3459,960
934.73553,935
931.1249,930
923.9403,925
916.21405,915
911.4149,913
909.1644,910
904.8527,905
890.03357,890
881.42206,880
764.37836,765
756.4023,755
750.92206,751
751.2443,751
743.4919,745
735.80634,735
651.33563,650
616.9052,615
591.6921,591
558.3532,560
550.21674,550
523.3715,525
505.61395,505
448.7741,450
447.66937,447
440.13715,440
438.1386,437
407.67426,410
376.19037,375
342.60883,345
328.6823,330
328.8061,330
326.13837,327
325.40765,325
288.82904,287
282.01288,285
272.50946,270
169.289,168
169.5473,168
155.43695,155
141.34247,140
141.34686,140
54.999702,55
20.260445,20
20.060005,20
7953.9204,7959
7952.103,7952
7881.2275,7886
7869.1655,7870
7807.0205,7815
7740.1367,7740
7739.1665,7738
7725.1484,7725
7716.751,7718
7688.366,7690
7518.284,7518
7478.659,7480
7475.486,7475
7265.081,7264
7264.78,7262
7121.5127,7121
6732.5195,6731
6683.536,6698
6043.584,6045
6031.1836,6030
6024.2515,6025
6023.942,6025
6028.6514,6025
6010.452,6010
6005.4985,6005
5914.7417,5920
5822.6816,5820
5813.0303,5810
5800.8696,5805
5768.659,5775
5737.02,5735
5644.6196,5645
5642.7256,5640
5621.4014,5630
5597.925,5605
5589.4927,5590
5566.089,5570
5566.59,5565
5553.0386,5555
5536.0894,5536
5534.6987,5533
5534.5195,5530
5514.2554,5515
5489.7656,5488
5483.8916,5487
5483.9395,5486
5480.457,5480
5471.161,5470
5450.379,5450
5398.5796,5400
5319.852,5320
5273.7246,5275
5273.56,5268
5213.0464,5216
5212.206,5215
5153.148,5151
5090.288,5100
5079.8687,5075
5076.59,5070
5055.518,5055
5036.04,5040
5033.056,5033
5020.4473,5025
5017.7964,5017
5012.9937,5011
3030.179,3030
3025.0032,3025
3019.5093,3020
3009.9065,3010
2277.1213,2275
2265.623,2265
2230.3066,2230
2179.7769,2180
2159.8406,2160
2143.3628,2144
2119.57,2120
2119.626,2120
2101.0906,2100
2075.033,2075
2070.0,2070
2064.9468,2065
2053.13,2053
2035.318,2035
7740.1367,7740
7739.1665,7738
7725.1484,7725
7719.2354,7720
7491.517,7491
7264.78,7264
7121.5127,7121
7027.917,7030
6939.378,6936
6724.018,6730
6141.455,6140
6031.0225,6030
6031.1836,6030
6015.0586,6015
6005.1035,6005
5915.1455,5915
5838.2197,5835
5787.3193,5785
5768.0474,5770
5763.041,5765
5730.5967,5730
5680.926,5680
5667.944,5672
5664.3687,5665
5622.146,5630
5598.873,5605
5587.4077,5585
5566.089,5570
5570.55,5568
5567.1895,5565
5559.149,5560
5553.0386,5555
5535.5938,5535
5533.754,5533
5534.5195,5530
5489.687,5489
5469.0073,5465
5457.963,5457
5421.315,5425
5415.419,5420
5398.5796,5400
5391.882,5390
5372.9194,5385
5346.858,5345
5322.273,5325
5298.194,5300
5274.304,5275
5240.639,5240
5153.148,5151
5136.479,5140
5134.301,5132
5096.5703,5105
5086.586,5095
5079.3335,5075
5079.8066,5070
5058.5674,5060
5038.512,5040
5030.348,5034
4999.914,5000
4974.6045,4975
4974.919,4975
3019.4836,3020
3015.4639,3015
3010.0225,3010
3009.9065,3010
2308.715,2310
2262.1335,2263
2259.553,2260
2258.6895,2258
2256.3877,2256
2243.053,2243
2239.0051,2240
2220.3872,2220
2159.9023,2160
2158.5422,2158
2157.7236,2157
2140.5657,2140
2119.626,2120
2100.7764,2100
2100.9978,2100
2075.1777,2075
2070.2395,2070
2065.0847,2065
2053.3823,2053
2035.7991,2036
1999.1975,2000
1655.7894,1653
1552.395,1550
1415.9454,1416
1413.317,1413
1412.0422,1412
1411.4576,1411
1404.4349,1404
1402.686,1403
1402.727,1403
1401.9493,1402
1402.1814,1402
1402.0768,1402
1400.4412,1400
1022.4982,1022
1009.61444,1010
1009.5482,1010
995.86835,995
974.5731,975
959.4274,960
959.8039,960
949.25964,950
944.9113,945
934.8317,935
934.883,935
931.22107,930
916.21405,915
904.8962,905
904.92596,905
893.6615,895
893.35126,895
889.48505,890
889.7894,890
874.661,875
874.6488,875
855.48035,855
830.8195,830
750.74164,751
675.1066,675
675.32,675
651.0146,650
651.2778,650
606.1816,610
574.85956,575
574.7541,575
558.08295,560
557.9633,560
535.51117,535
500.8969,500
406.22504,405
405.99432,405
397.28632,401
397.5312,398
398.09613,398
386.35345,389
376.19037,375
342.60883,345
328.8061,330
294.82538,295
244.57881,245
197.44232,195
171.50018,171
155.44843,155
155.77313,155
148.32928,150
148.76141,150
141.34686,140
135.63641,136
124.01143,125
120.49385,120
11.303657,11
11.863959,11
7965.079,7964
7954.8125,7959
7881.2275,7886
7879.4814,7880
7856.421,7858
7836.444,7837
11.218696,11
169.289,168
148.35516,150
148.72723,150
131.55316,135
124.01143,125
120.498245,120
89.54145,90
34.945503,35
7954.8125,7959
7897.721,7895
7740.1367,7740
7739.534,7738
7518.3057,7518
7478.659,7480
7444.1396,7440
7264.78,7264
7264.78,7262
7028.6416,7036
7030.7007,7031
7029.0596,7030
7027.251,7030
6732.5195,6731
6719.913,6730
6139.05,6140
6024.1265,6025
6020.003,6020
5921.77,5920
5837.814,5835
5769.2583,5775
5724.121,5720
5668.177,5672
5644.6196,5645
5640.048,5640
5622.4473,5625
5618.378,5620
5553.0386,5555
5514.236,5520
5483.8667,5487
5484.7485,5486
5474.832,5475
5457.3037,5456
5450.379,5450
5432.164,5431
5421.315,5425
5408.9307,5410
5409.477,5405
5391.882,5390
5372.9194,5385
5322.205,5325
5313.94,5310
5301.1006,5305
5294.351,5295
5269.401,5270
5257.57,5265
5224.483,5220
5134.301,5133
5086.366,5105
5090.3066,5100
5086.586,5095
5080.954,5080
5050.0396,5050
5038.512,5040
4974.6045,4975
4885.1025,4886
3030.179,3030
3009.9792,3010
2313.9302,2315
2259.553,2260
2239.0051,2240
2185.5562,2185
2185.698,2185
2160.6677,2160
2158.5422,2158
2124.5295,2125
2119.626,2120
2110.6135,2110
2110.6743,2110
2093.1748,2093
2080.5083,2080
2053.3823,2053
2046.3998,2045
2039.3044,2041
2039.1526,2040
2035.5371,2036
1675.6648,1676
1659.1111,1660
1607.4396,1607
1605.7073,1606
1588.3842,1605
1577.2635,1580
1417.9932,1418
1416.8936,1417
1414.9093,1415
1415.0544,1415
1411.1744,1411
1409.0184,1409
1406.1956,1407
1406.5248,1407
1405.562,1405
1404.7805,1404
1402.727,1403
1402.0768,1402
1400.8988,1401
1084.2783,1085
1014.6818,1015
1009.61444,1010
998.54504,999
989.8913,990
974.4084,975
964.58417,965
959.8039,960
949.25946,950
939.4525,940
923.72595,925
901.7811,900
890.03357,890
881.42206,880
874.683,875
855.50555,855
759.21234,762
750.92206,751
743.4919,745
735.80634,735
708.498,710
684.4838,685
669.3808,670
633.72015,635
616.7587,615
617.24725,615
591.6921,591
574.85956,575
574.9433,575
523.5837,525
505.61395,505
447.2243,447
447.81708,447
440.13715,440
342.29388,345
282.01288,285
244.70503,245
244.57881,245
214.01167,215
209.44331,210
89.673775,90
342.29388,345
325.5197,325
304.591,305
294.82538,295
281.60638,285
272.6574,270
254.55025,260
196.95795,195
197.36224,195
173.99677,175
171.50018,171
171.78436,171
148.36542,150
141.27509,140
136.25702,137
130.87567,130
55.082222,55
25.127876,25
11.218696,11
7965.079,7964
7907.6235,7913
7879.4814,7880
7863.9854,7863
7831.7437,7830
7825.678,7826
7740.1367,7740
7730.819,7730
7691.1807,7698
7519.6978,7518
7121.5127,7121
7047.7163,7045
6747.3164,6736
6139.05,6140
6043.3413,6045
6031.0225,6030
6024.2173,6025
6020.025,6020
6014.8135,6018
6010.04,6010
6005.4985,6005
5815.4053,5815
5800.9707,5805
5794.7183,5795
5774.869,5780
5757.0493,5755
5724.121,5720
5689.6655,5695
5664.9604,5660
5622.7925,5625
5618.378,5620
5615.951,5615
5589.7563,5590
5571.5957,5575
5570.55,5568
5553.0386,5555
5535.5938,5535
5480.457,5480
5457.3037,5456
5410.034,5405
5398.5796,5400
5397.192,5396
5397.192,5395
5273.733,5275
5271.181,5271
5177.1523,5180
5079.6587,5075
5079.8066,5070
5050.262,5050
5047.2207,5045
5020.938,5021
5021.16,5020
5013.494,5011
3009.9065,3010
2313.9302,2315
2253.4504,2254
2159.9023,2160
2143.3628,2144
2112.0889,2113
2110.6135,2110
2074.9778,2075
2053.8647,2051
2048.0696,2050
2046.3998,2045
2039.4841,2041
2039.1526,2040
2035.0758,2035
1649.5953,1650
1624.3427,1631
1621.8693,1620
1623.9513,1615
1608.7742,1610
1607.501,1607
1605.7612,1606
1590.3827,1605
1577.4286,1580
1417.9661,1418
1416.8253,1417
1415.9454,1416
1415.0544,1415
1413.9404,1414
1413.9402,1414
1411.1744,1411
1409.0184,1409
1405.5781,1405
1405.562,1405
1400.5472,1400
1099.8192,1099
1027.6251,1030
1022.4797,1022
1009.2873,1010
995.8841,995
989.66956,990
989.8913,990
985.3083,985
974.3577,975
974.5731,975
970.4906,970
939.5487,940
919.99646,920
909.1644,910
893.5145,895
890.03357,890
864.64197,865
855.612,855
843.724,844
835.9286,836
830.9442,830
775.17035,775
764.227,765
750.86127,751
684.21796,685
633.73114,635
606.1816,610
591.6921,591
591.9074,590
555.4677,555
523.3134,525
500.83075,500
449.03265,451
447.2243,447
419.68768,420
397.6325,401
11.218696,11
11.303657,11
7977.8896,7979
7940.5283,7941
7937.3687,7937
7879.078,7887
7879.622,7880
7841.8657,7839
7836.507,7838
7730.819,7730
7121.5127,7121
6269.4097,6270
6139.05,6140
6031.0225,6030
6024.238,6025
6014.8135,6018
6005.516,6005
5835.6733,5820
5815.4053,5815
5800.437,5805
5802.0493,5800
5757.6504,5755
5727.4453,5725
5730.363,5720
5685.1606,5685
5668.9434,5672
5664.3687,5665
5648.0894,5655
5618.378,5620
5598.274,5600
5570.55,5568
5556.596,5560
5489.7676,5489
5483.8667,5487
5454.0103,5460
5456.8433,5455
5450.379,5450
5415.3037,5420
5397.629,5400
5352.5215,5355
5314.746,5315
5293.8604,5295
5272.179,5275
5269.023,5270
5240.1914,5240
5208.243,5205
5177.1523,5180
5155.132,5155
5153.148,5151
5148.319,5142
5139.8555,5141
5134.524,5132
5119.465,5120
5118.0854,5110
5082.082,5080
5050.0396,5050
5045.5273,5042
5020.4473,5025
5020.782,5020
5017.7964,5017
4999.914,5000
4974.857,4975
4885.0894,4886
3019.4836,3020
3009.9065,3010
2313.9302,2315
2308.9998,2310
2265.5178,2265
2258.6895,2258
2256.4502,2256
2253.4504,2254
2242.9712,2243
2243.195,2243
2235.067,2235
2230.2935,2230
2223.8672,2225
2159.9023,2160
2158.538,2158
2124.1406,2125
2112.0398,2113
2080.4858,2080
2075.0503,2075
2053.484,2053
2048.0696,2050
2038.9153,2038
2038.699,2038
2035.0061,2035
2035.2848,2035
1642.2719,1642
1605.7612,1606
1590.9039,1605
1577.4286,1580
1417.9661,1418
1417.9932,1418
1416.8253,1417
1415.9454,1416
1415.9435,1416
1414.9093,1415
1411.1741,1411
1404.4349,1404
1022.6888,1022
1014.95764,1015
964.58417,965
956.7665,955
949.25964,950
949.25946,950
934.73553,935
934.8317,935
919.90027,920
909.2606,910
904.8527,905
893.5145,895
893.6615,895
881.42206,880
881.1921,880
869.59705,870
856.1239,860
855.50555,855
836.0985,836
830.9442,830
759.0705,762
750.92206,751
698.7353,695
675.31757,675
667.7778,674
669.46893,670
669.3935,670
651.4792,650
616.7587,615
617.29803,615
500.94452,500
448.71625,450
447.22675,447
419.68768,420
406.2126,405
397.6325,401
397.51288,398
376.19037,375
355.48114,355
342.3947,345
341.39716,340
328.6801,330
328.8061,330
304.591,305
294.82538,295
272.6574,270
254.37666,260
196.95819,195
173.99677,175
169.34882,170
169.5473,168
162.60687,166
155.77313,155
131.14276,130
34.91987,35
1655.802,1653
1409.8044,1410
1405.5771,1405
1402.5231,1403
1401.917,1402
1099.7458,1099
1022.4982,1022
1022.85565,1022
1009.5975,1010
995.8841,995
989.8913,990
989.9964,990
985.3083,985
974.4084,975
970.3317,970
964.5632,965
964.48114,965
959.65546,960
960.02655,960
949.40155,950
931.1249,930
923.9403,925
909.1644,910
909.5316,910
901.7741,900
893.5145,895
893.6615,895
889.47186,890
881.42206,880
881.1921,880
881.487,880
874.661,875
874.8415,875
869.6019,870
869.52313,870
855.612,855
844.8441,845
843.786,844
836.0243,836
775.17035,775
743.4919,745
735.58636,735
698.7353,695
698.50287,695
675.57465,675
669.4477,670
669.5903,670
606.73334,610
591.9074,591
574.7541,575
558.3532,560
555.6457,555
555.3244,555
513.7802,515
506.26483,505
501.17377,500
455.85638,455
448.71625,450
438.38446,437
420.0102,420
397.73065,401
398.16083,398
355.48114,355
343.29803,345
341.39716,340
302.57587,300
288.82904,287
280.82416,285
254.5251,260
244.57881,245
245.12032,245
214.11543,215
196.89764,195
190.41327,190
174.13739,174
171.78436,171
148.38544,150
141.26923,140
136.39691,136
131.64056,135
120.477005,120
89.54145,90
45.848335,45
11.278022,11
7977.925,7979
7954.9062,7959
7946.875,7948
7937.6826,7937
7882.2764,7886
7833.1064,7833
7825.6055,7826
7739.8,7738
7725.1704,7725
7521.815,7519
7491.55,7491
7259.4517,7260
7028.841,7036
6747.3164,6736
6031.1035,6030
6024.2954,6025
6020.1914,6020
6009.7734,6010
5788.4844,5785
5774.869,5780
5753.3955,5750
5729.955,5725
5685.1606,5685
5680.756,5680
5679.0596,5675
5670.5596,5674
5664.559,5660
5598.851,5600
5566.2954,5570
5535.5938,5535
5534.045,5533
5511.61,5505
5491.3584,5490
5489.729,5488
5468.9395,5465
5431.4663,5430
5408.659,5410
5391.882,5390
5372.9194,5385
5346.4673,5345
5342.9434,5340
5322.2153,5325
5313.94,5310
5301.2056,5305
5288.0967,5285
5273.267,5275
5269.023,5270
5146.848,5142
5086.3237,5105
5088.8145,5100
5045.825,5042
5036.04,5040
5033.265,5033
5020.4473,5025
5012.905,5011
4974.857,4975
3004.9595,3005
2357.2126,2344
2277.0327,2275
2269.1465,2270
2265.5178,2265
2263.6416,2262
2223.8672,2225
2214.8088,2215
2124.556,2125
2119.626,2120
2110.5852,2110
2093.1748,2093
2053.412,2060
2053.484,2053
2048.0928,2050
2035.0061,2035
2035.2848,2035
2005.7236,2005
1675.5217,1676
1642.9193,1640
1624.3427,1631
1605.7406,1606
1552.4012,1550
1416.8253,1417
1415.9454,1416
1415.0544,1415
1413.9404,1414
1412.9724,1413
5224.483,5220
5236.675,5235
5153.148,5151
5136.5093,5140
5133.693,5133
956.97986,955
273.0053,270
949.1229,950
5089.7466,5100
136.25702,137
254.31538,260
513.977,515
5050.0396,5050
5049.0195,5045
944.9113,945
90.08344,90
5033.1074,5035
254.55025,260
506.3498,505
5020.782,5020
500.8969,500
4999.914,5000
54.999702,55
135.63641,136
501.17377,500
4885.406,4886
923.74646,925
3009.7815,3010
3005.208,3005
919.9896,920
448.71625,450
448.87738,450
911.4149,913
911.0783,913
20.422066,20
45.761665,45
5176.4077,5180
2239.0051,2240
2235.067,2235
904.8747,905
2230.5908,2230
196.95819,195
2146.7173,2147
2142.092,2143
419.00824,420
2123.6062,2125
2124.556,2125
34.945503,35
2119.7,2121
2103.3357,2105
864.64636,865
2101.1133,2100
855.4914,855
2082.4004,2083
2075.0356,2075
844.8441,845
2069.9546,2070
2070.2395,2070
830.7943,830
2053.412,2060
2054.1052,2051
756.4023,755
2024.6292,2025
123.56612,125
174.20819,174
756.63055,755
750.86127,751
1999.3802,2000
386.3647,389
1673.4205,1668
171.5285,171
735.5888,735
735.80634,735
1633.9358,1625
7954.8125,7959
1624.2241,1615
7946.249,7948
171.78436,171
355.39886,355
7937.7046,7937
7933.8086,7936
1607.7902,1607
7925.876,7924
7907.927,7913
356.18158,355
708.498,710
7895.824,7888
698.5998,695
1533.197,1535
698.821,695
7836.389,7837
684.21796,685
1416.8253,1417
7731.3506,7732
7718.8555,7720
7680.1094,7698
124.16206,125
343.29462,345
7509.755,7510
7469.71,7475
1415.0544,1415
7253.745,7252
7121.5127,7121
7111.651,7121
7028.332,7030
6939.378,6936
6730.857,6735
669.37714,670
1411.1744,1411
6315.4985,6315
1411.1741,1411
25.14814,25
169.5473,168
1409.7892,1410
6031.0225,6030
6024.2954,6025
329.56244,330
651.0146,650
1409.0718,1409
651.5361,650
1409.086,1409
5874.754,5870
162.58441,166
1405.562,1405
5771.774,5780
1404.4349,1404
5729.2324,5725
633.97797,635
5689.8633,5695
1402.727,1403
5670.2144,5674
5667.944,5672
617.06195,615
5648.8057,5655
5641.5547,5642
1401.0559,1401
5643.4697,5640
155.77313,155
1400.5752,1400
606.1816,610
301.5207,300
5566.2954,5570
5545.284,5545
89.529,90
5535.5938,5535
5514.2417,5520
302.30902,300
5484.567,5485
574.9433,575
1014.95764,1015
295.0053,295
575.03094,575
1009.6637,1010
5435.1074,5435
5421.5303,5425
5417.8926,5415
5410.1074,5410
5410.0454,5405
288.82904,287
558.3532,560
995.8841,995
995.7039,995
989.66956,990
5346.4673,5345
11.218696,11
141.27509,140
970.43195,970
5255.4253,5265
5240.639,5240
272.92816,270
964.58417,965
5213.0674,5216
535.70624,535
