{
    "fit_level": "finished",
    "time_controller": {
        "total_time_limit": 3600,
        "model_time_limit": null,
        "steps": [
            "simple_algorithms",
            "default_algorithms",
            "ensemble"
        ],
        "algorithms": [
            "Baseline",
            "Decision Tree",
            "Random Forest",
            "Xgboost",
            "Neural Network"
        ],
        "spend": [
            {
                "model_name": "prepare_data",
                "model_type": "prepare_data",
                "fit_level": "prepare_data",
                "train_time": 0.29814958572387695
            },
            {
                "model_name": "1_Baseline",
                "model_type": "Baseline",
                "fit_level": "simple_algorithms",
                "train_time": 2.524204730987549
            },
            {
                "model_name": "2_DecisionTree",
                "model_type": "Decision Tree",
                "fit_level": "simple_algorithms",
                "train_time": 12.896502494812012
            },
            {
                "model_name": "3_Default_Xgboost",
                "model_type": "Xgboost",
                "fit_level": "default_algorithms",
                "train_time": 12.789482355117798
            },
            {
                "model_name": "4_Default_NeuralNetwork",
                "model_type": "Neural Network",
                "fit_level": "default_algorithms",
                "train_time": 1.9214563369750977
            },
            {
                "model_name": "5_Default_RandomForest",
                "model_type": "Random Forest",
                "fit_level": "default_algorithms",
                "train_time": 10.150477170944214
            },
            {
                "model_name": "Ensemble",
                "model_type": "Ensemble",
                "fit_level": "ensemble",
                "train_time": 0.3085193634033203
            }
        ],
        "is_hill_climbing": false,
        "is_stacking": false
    },
    "all_params": {
        "simple_algorithms": [
            {
                "additional": {
                    "max_steps": 1,
                    "max_rows_limit": null,
                    "max_cols_limit": null
                },
                "preprocessing": {
                    "columns_preprocessing": {},
                    "target_preprocessing": [
                        "na_exclude"
                    ],
                    "ml_task": "regression"
                },
                "validation_strategy": {
                    "validation_type": "split",
                    "train_ratio": 0.75,
                    "shuffle": true,
                    "X_path": "AutoML_1/X.data",
                    "y_path": "AutoML_1/y.data",
                    "results_path": "AutoML_1"
                },
                "learner": {
                    "model_type": "Baseline",
                    "ml_task": "regression",
                    "n_jobs": -1,
                    "seed": 1235,
                    "explain_level": 2
                },
                "automl_random_state": 1234,
                "ml_task": "regression",
                "explain_level": 2,
                "name": "1_Baseline",
                "status": "trained",
                "final_loss": 2761.6856208384734,
                "train_time": 2.9052071571350098,
                "data_type": "original",
                "max_time_for_learner": 360.0
            },
            {
                "additional": {
                    "trees_in_step": 1,
                    "train_cant_improve_limit": 0,
                    "max_steps": 1,
                    "max_rows_limit": null,
                    "max_cols_limit": null
                },
                "preprocessing": {
                    "columns_preprocessing": {
                        "Level": [
                            "categorical_to_int"
                        ],
                        "TAP Level of Study": [
                            "categorical_to_int"
                        ],
                        "TAP College Name": [
                            "categorical_to_int"
                        ],
                        "Sector Type": [
                            "categorical_to_int"
                        ],
                        "TAP Sector Group": [
                            "categorical_to_int"
                        ],
                        "TAP Recipient FTEs": [
                            "na_fill_median"
                        ]
                    },
                    "target_preprocessing": [
                        "na_exclude"
                    ],
                    "ml_task": "regression"
                },
                "validation_strategy": {
                    "validation_type": "split",
                    "train_ratio": 0.75,
                    "shuffle": true,
                    "X_path": "AutoML_1/X.data",
                    "y_path": "AutoML_1/y.data",
                    "results_path": "AutoML_1"
                },
                "learner": {
                    "model_type": "Decision Tree",
                    "ml_task": "regression",
                    "n_jobs": -1,
                    "seed": 1235,
                    "criterion": "mse",
                    "max_depth": 3,
                    "explain_level": 2
                },
                "automl_random_state": 1234,
                "ml_task": "regression",
                "explain_level": 2,
                "name": "2_DecisionTree",
                "status": "trained",
                "final_loss": 199.66075282047046,
                "train_time": 14.270630359649658,
                "data_type": "original",
                "max_time_for_learner": 360.0
            }
        ],
        "default_algorithms": [
            {
                "additional": {
                    "max_rounds": 10000,
                    "early_stopping_rounds": 50,
                    "max_rows_limit": null,
                    "max_cols_limit": null
                },
                "preprocessing": {
                    "columns_preprocessing": {
                        "Level": [
                            "categorical_to_int"
                        ],
                        "TAP Level of Study": [
                            "categorical_to_int"
                        ],
                        "TAP College Name": [
                            "categorical_to_int"
                        ],
                        "Sector Type": [
                            "categorical_to_int"
                        ],
                        "TAP Sector Group": [
                            "categorical_to_int"
                        ],
                        "TAP Recipient FTEs": [
                            "na_fill_median"
                        ]
                    },
                    "target_preprocessing": [
                        "na_exclude",
                        "scale_normal"
                    ],
                    "ml_task": "regression"
                },
                "validation_strategy": {
                    "validation_type": "split",
                    "train_ratio": 0.75,
                    "shuffle": true,
                    "X_path": "AutoML_1/X.data",
                    "y_path": "AutoML_1/y.data",
                    "results_path": "AutoML_1"
                },
                "learner": {
                    "model_type": "Xgboost",
                    "ml_task": "regression",
                    "n_jobs": -1,
                    "objective": "reg:squarederror",
                    "eta": 0.075,
                    "max_depth": 6,
                    "min_child_weight": 1,
                    "subsample": 1.0,
                    "colsample_bytree": 1.0,
                    "seed": 3,
                    "eval_metric": "rmse",
                    "explain_level": 2
                },
                "automl_random_state": 1234,
                "ml_task": "regression",
                "explain_level": 2,
                "name": "3_Default_Xgboost",
                "status": "trained",
                "final_loss": 3.994924078443983,
                "train_time": 13.83921217918396,
                "data_type": "original",
                "max_time_for_learner": 360.0
            },
            {
                "additional": {
                    "max_rows_limit": null,
                    "max_cols_limit": null
                },
                "preprocessing": {
                    "columns_preprocessing": {
                        "Academic Year": [
                            "scale_normal"
                        ],
                        "TAP College Code": [
                            "scale_normal"
                        ],
                        "Federal School Code": [
                            "scale_normal"
                        ],
                        "Level": [
                            "categorical_to_int",
                            "scale_normal"
                        ],
                        "TAP Level of Study": [
                            "categorical_to_int",
                            "scale_normal"
                        ],
                        "TAP College Name": [
                            "categorical_to_int",
                            "scale_normal"
                        ],
                        "Sector Type": [
                            "categorical_to_int",
                            "scale_normal"
                        ],
                        "TAP Sector Group": [
                            "categorical_to_int",
                            "scale_normal"
                        ],
                        "TAP Recipient Headcount": [
                            "scale_normal"
                        ],
                        "TAP Recipient FTEs": [
                            "na_fill_median",
                            "scale_normal"
                        ],
                        "TAP Recipient Dollars": [
                            "scale_normal"
                        ]
                    },
                    "target_preprocessing": [
                        "na_exclude",
                        "scale_normal"
                    ],
                    "ml_task": "regression"
                },
                "validation_strategy": {
                    "validation_type": "split",
                    "train_ratio": 0.75,
                    "shuffle": true,
                    "X_path": "AutoML_1/X.data",
                    "y_path": "AutoML_1/y.data",
                    "results_path": "AutoML_1"
                },
                "learner": {
                    "model_type": "Neural Network",
                    "ml_task": "regression",
                    "n_jobs": -1,
                    "dense_1_size": 32,
                    "dense_2_size": 16,
                    "learning_rate": 0.05,
                    "seed": 4,
                    "explain_level": 2
                },
                "automl_random_state": 1234,
                "ml_task": "regression",
                "explain_level": 2,
                "name": "4_Default_NeuralNetwork",
                "status": "trained",
                "final_loss": 43.20004105641605,
                "train_time": 2.6256933212280273,
                "data_type": "original",
                "max_time_for_learner": 360.0
            },
            {
                "additional": {
                    "trees_in_step": 100,
                    "train_cant_improve_limit": 1,
                    "min_steps": 1,
                    "max_steps": 50,
                    "early_stopping_rounds": 50,
                    "max_rows_limit": null,
                    "max_cols_limit": null
                },
                "preprocessing": {
                    "columns_preprocessing": {
                        "Level": [
                            "categorical_to_int"
                        ],
                        "TAP Level of Study": [
                            "categorical_to_int"
                        ],
                        "TAP College Name": [
                            "categorical_to_int"
                        ],
                        "Sector Type": [
                            "categorical_to_int"
                        ],
                        "TAP Sector Group": [
                            "categorical_to_int"
                        ],
                        "TAP Recipient FTEs": [
                            "na_fill_median"
                        ]
                    },
                    "target_preprocessing": [
                        "na_exclude",
                        "scale_normal"
                    ],
                    "ml_task": "regression"
                },
                "validation_strategy": {
                    "validation_type": "split",
                    "train_ratio": 0.75,
                    "shuffle": true,
                    "X_path": "AutoML_1/X.data",
                    "y_path": "AutoML_1/y.data",
                    "results_path": "AutoML_1"
                },
                "learner": {
                    "model_type": "Random Forest",
                    "ml_task": "regression",
                    "n_jobs": -1,
                    "criterion": "mse",
                    "max_features": 0.9,
                    "min_samples_split": 30,
                    "max_depth": 4,
                    "seed": 5,
                    "eval_metric_name": "rmse",
                    "explain_level": 2
                },
                "automl_random_state": 1234,
                "ml_task": "regression",
                "explain_level": 2,
                "name": "5_Default_RandomForest",
                "status": "trained",
                "final_loss": 80.80478306087187,
                "train_time": 11.040522336959839,
                "data_type": "original",
                "max_time_for_learner": 360.0
            }
        ],
        "ensemble": [
            {
                "model_type": "ensemble",
                "is_stacked": false,
                "name": "Ensemble",
                "status": "trained",
                "final_loss": 3.9949220500597824,
                "train_time": 0.3085193634033203
            }
        ]
    },
    "adjust_validation": false
}