{
    "uid": "e4c1789f-5e89-4515-bcab-e33643ff28cf",
    "name": "3_Default_Xgboost",
    "preprocessing": [
        {
            "missing_values": [
                {
                    "fill_method": "na_fill_median",
                    "fill_params": {
                        "TAP Recipient FTEs": 64.5
                    },
                    "datetime_columns": []
                }
            ],
            "categorical": [
                {
                    "convert_method": "categorical_to_int",
                    "convert_params": {
                        "Level": {
                            "G": 0,
                            "U": 1
                        },
                        "TAP Level of Study": {
                            "2 yr Undergrad": 0,
                            "4 yr Undergrad": 1,
                            "5 yr Undergrad": 2,
                            "Grad": 3,
                            "STAP": 4,
                            "Unknown": 5
                        },
                        "TAP College Name": {
                            "ADELPHI UNIVERSITY 4 YR UNDERGRAD": 0,
                            "ADELPHI UNIVERSITY GRAD": 1,
                            "ADIRONDACK COMMUNITY COLLEGE": 2,
                            "ALBANY COLLEGE OF PHARMACY 4YR UG": 3,
                            "ALBANY COLLEGE OF PHARMACY GRAD": 4,
                            "ALBANY LAW SCHOOL GRAD": 5,
                            "ALBANY MEDICAL COLLEGE": 6,
                            "ALBANY MEDICAL COLLEGE (GRAD)": 7,
                            "ALFRED UNIVERSITY 4YR UNDERGRAD": 8,
                            "ALFRED UNIVERSITY GRAD": 9,
                            "ALLEN SCHOOL": 10,
                            "AMERICAN ACAD OF DRAMATIC ARTS": 11,
                            "AMERICAN ACADEMY MCALLISTER INST.": 12,
                            "AMERICAN CENTER CAREER TRAINING": 13,
                            "ARNOT OGDEN MED CTR NURSING 4YR": 14,
                            "ARNOT OGDEN MED CTR RAD TECH 2YR": 15,
                            "ART INSTITUTE OF NEW YORK CITY": 16,
                            "ASA INST OF BUS NURSING PROGRAM": 17,
                            "ASA INSTITUTE OF BUSINESS": 18,
                            "BAIS BINYOMIN ACADEMY": 19,
                            "BAIS MEDROSH ELYON": 20,
                            "BANK ST COLL OF EDUC": 21,
                            "BARD COLLEGE 4YR UNDERGRAD": 22,
                            "BARD COLLEGE- GRAD": 23,
                            "BARNARD COLLEGE": 24,
                            "BE'ER YAAKOV TALMUDIC SEMINARY": 25,
                            "BEIS MEDRASH HEICHAL DOVID": 26,
                            "BELLEVUE HOSP SCH RADIOLOGIC TECH": 27,
                            "BERKELEY COLL OF NYC - EVE 2YR UG": 28,
                            "BERKELEY COLL OF NYC-EVE 4YR UG": 29,
                            "BERKELEY COLL OF WHITE PLAINS 2YR": 30,
                            "BERKELEY COLL OF WHITE PLAINS 4YR": 31,
                            "BERKELEY COLL OF WHITE PLAINS EVE": 32,
                            "BERKELEY COLLEGE 2YR": 33,
                            "BERKELEY COLLEGE 4YR": 34,
                            "BET MEDRASH GADOL ATEREST TORAH": 35,
                            "BETH HAMEDRASH SHAAREI YOSHER": 36,
                            "BETH HATALMUD RABBINICAL COLLEGE": 37,
                            "BETH MEDRASH MEOR YITZCHOK": 38,
                            "BORICUA COLLEGE": 39,
                            "BORICUA COLLEGE - GRAD": 40,
                            "BORICUA COLLEGE 4YR UNDERGRAD": 41,
                            "BRAMSON ORT COLLEGE": 42,
                            "BRIARCLIFFE COLL WOODBURY 2YR": 43,
                            "BRIARCLIFFE COLL-BOHEMIA 2YR": 44,
                            "BRIARCLIFFE COLLEGE 4YR UNDERGRAD": 45,
                            "BROOKLYN INST OF BUSINESS TECH": 46,
                            "BROOKLYN LAW SCHOOL": 47,
                            "BROOME COMMUNITY COLLEGE": 48,
                            "BRYANT & STRATTON ALBANY": 49,
                            "BRYANT & STRATTON BBA ALBANY": 50,
                            "BRYANT & STRATTON BBA SYRACUSE": 51,
                            "BRYANT & STRATTON BUFFALO": 52,
                            "BRYANT & STRATTON GREECE": 53,
                            "BRYANT & STRATTON ROCHESTER": 54,
                            "BRYANT & STRATTON SYRACUSE": 55,
                            "BUSINESS INFORMATICS": 56,
                            "BUSINESS INFORMATICS CENTER": 57,
                            "CANISIUS COLLEGE 4YR UNDERGRAD": 58,
                            "CANISIUS COLLEGE GRAD": 59,
                            "CAREER SCHOOL OF NY INC": 60,
                            "CAYUGA COMMUNITY COLLEGE": 61,
                            "CAZENOVIA COLLEGE": 62,
                            "CENTRAL SUFFOLK SCH RAD TECH": 63,
                            "CENTRAL YESHIVA BETH JOSEPH": 64,
                            "CENTURION PROFESSIONAL TRAINING": 65,
                            "CHAMPLAIN VALLEY SCH XRAY TECH": 66,
                            "CHERYL FELL'S SCHOOL OF BUSINESS": 67,
                            "CLARKSON UNIVERSITY 4YR UNDERGRAD": 68,
                            "CLARKSON UNIVERSITY- GRAD": 69,
                            "CLINTON COMMUNITY COLLEGE": 70,
                            "COL NEW ROCHELLE ARTS & SCIENCES": 71,
                            "COL NEW ROCHELLE SCH OF NURSING": 72,
                            "COL OF MT ST VINCENT": 73,
                            "COL OF MT ST VINCENT 4YR SEM": 74,
                            "COL OF MT ST VINCENT 4YR TRIM": 75,
                            "COLGATE UNIVERSITY 4YR UNDERGRAD": 76,
                            "COLGATE UNIVERSITY GRAD": 77,
                            "COLL OF NEW ROCHELLE GRAD": 78,
                            "COLL OF NEW ROCHELLE NEW RESOURCE": 79,
                            "COLL WESTCHESTER 2YR": 80,
                            "COLL WESTCHESTER 2YR EVE": 81,
                            "COLL WESTCHESTER 4YR BBA DAY": 82,
                            "COLL WESTCHESTER 4YR BBA EVE": 83,
                            "COLL WESTCHESTER EVE BACH ONLINE": 84,
                            "COLL WESTCHESTER ONLINE ASSOC EVE": 85,
                            "COLLEGE OF INSURANCE": 86,
                            "COLLEGE OF SAINT ROSE 4YR UG": 87,
                            "COLLEGE OF SAINT ROSE GRAD": 88,
                            "COLUMBIA  UNIV COLL MEDICINE": 89,
                            "COLUMBIA  UNIV ENGINEER GRAD": 90,
                            "COLUMBIA U GRADUATE PROGRAMS": 91,
                            "COLUMBIA U TEACHERS COL GRAD": 92,
                            "COLUMBIA UNIV": 93,
                            "COLUMBIA UNIV  ARCHITECTURE GRAD": 94,
                            "COLUMBIA UNIV ARTS GRAD": 95,
                            "COLUMBIA UNIV BUSINESS GRAD": 96,
                            "COLUMBIA UNIV DENTISTRY GRAD": 97,
                            "COLUMBIA UNIV INTL AFFAIRS GRAD": 98,
                            "COLUMBIA UNIV JOURNALISM GRAD": 99,
                            "COLUMBIA UNIV LAW GRAD": 100,
                            "COLUMBIA UNIV NURSING GRAD": 101,
                            "COLUMBIA UNIV NURSING PROG": 102,
                            "COLUMBIA UNIV PHYSICAL/OCCUP THER": 103,
                            "COLUMBIA UNIV PUB HEALTH/NUTRITIO": 104,
                            "COLUMBIA UNIV SCH ENGINEERING": 105,
                            "COLUMBIA UNIV SOC WORK GRAD": 106,
                            "COLUMBIA-GREENE COMMUNITY COLLEGE": 107,
                            "CONCORDIA COLLEGE": 108,
                            "CONGREGATION TALMIDEI MESIVTA TIF": 109,
                            "COOPER UNION - GRADUATE": 110,
                            "COOPER UNION ADVNCMT SCI ART": 111,
                            "COPE INSTITUTE": 112,
                            "CORNELL U MEDICAL COLLEGE": 113,
                            "CORNELL UNIV LAW SCHOOL": 114,
                            "CORNELL UNIV STATUTORY COLLEGES": 115,
                            "CORNELL UNIV.-JOHNSON GRAD SCHOOL": 116,
                            "CORNELL UNIVERSITY": 117,
                            "CORNELL UNIVERSITY GRAD": 118,
                            "CORNELL UNIVERSITY- VET MED": 119,
                            "CORNING COMMUNITY COLLEGE": 120,
                            "CROUSE IRVING HOSP SCH OF NURSING": 121,
                            "CTL YESH TOMCHEI TMIMIM LUBAVITZ": 122,
                            "CULINARY INSTITUTE OF AMERICA 2YR": 123,
                            "CULINARY INSTITUTE OF AMERICA 4YR": 124,
                            "CUNY  BARUCH COLL GRAD": 125,
                            "CUNY BARUCH COLLEGE": 126,
                            "CUNY BRONX CC": 127,
                            "CUNY BROOKLYN COLLEGE": 128,
                            "CUNY BROOKLYN COLLEGE GRAD": 129,
                            "CUNY CITY COLLEGE": 130,
                            "CUNY CITY COLLEGE GRAD": 131,
                            "CUNY COL STATEN ISLAND": 132,
                            "CUNY COL STATEN ISLAND GRAD": 133,
                            "CUNY GRAD CTR-SCHOL OF LABOR UG": 134,
                            "CUNY GRAD SCH AND UNIV CENTER": 135,
                            "CUNY GRAD SCH UNDERGRAD PROG": 136,
                            "CUNY HERBERT H LEHMAN COLLEGE": 137,
                            "CUNY HERBERT H LEHMAN GRAD": 138,
                            "CUNY HOSTOS CC": 139,
                            "CUNY HUNTER COLLEGE": 140,
                            "CUNY HUNTER COLLEGE GRAD": 141,
                            "CUNY JOHN JAY COLLEGE": 142,
                            "CUNY JOHN JAY COLLEGE GRAD": 143,
                            "CUNY KINGSBOROUGH CC": 144,
                            "CUNY LAGUARDIA CC": 145,
                            "CUNY MANHATTAN CC": 146,
                            "CUNY MEDGER EVERS COLLEGE": 147,
                            "CUNY NYC COLLEGE OF TECHNOLOGY": 148,
                            "CUNY QUEENS COLLEGE": 149,
                            "CUNY QUEENS COLLEGE GRAD": 150,
                            "CUNY QUEENS COLLEGE LAW SCHOOL": 151,
                            "CUNY QUEENSBOROUGH CC": 152,
                            "CUNY STELLA & CHARLES GUTTMAN CC": 153,
                            "CUNY YORK COLLEGE": 154,
                            "CUNY YORK COLLEGE GRAD": 155,
                            "D'YOUVILLE COLLEGE 4 YR UNDERGRAD": 156,
                            "D'YOUVILLE COLLEGE-GRAD": 157,
                            "DAEMEN COLLEGE 4YR UNDERGRAD": 158,
                            "DAEMEN COLLEGE GRAD": 159,
                            "DAVIS COLLEGE": 160,
                            "DEVRY COLLEGE OF NEW YORK 2YR": 161,
                            "DEVRY COLLEGEE OF NEW YORK 4YR": 162,
                            "DOMINICAN COLLEGE BLAUVELT 4YR UG": 163,
                            "DOMINICAN COLLEGE-WEEKEND 4YR UG": 164,
                            "DOROTHEA HOPFER SCHOOL OF NURSING": 165,
                            "DOWLING COLLEGE  4YR UNDERGRAD": 166,
                            "DOWLING COLLEGE GRAD": 167,
                            "DRAKE BUSINESS SCHOOL BRONX": 168,
                            "DRAKE BUSINESS SCHOOL FLUSHING": 169,
                            "DRAKE BUSINESS SCHOOL STATEN IS.": 170,
                            "DRAKE SCHOOL OF MANHATTAN": 171,
                            "DUTCHESS COMMUNITY COLLEGE": 172,
                            "ELIM BIBLE INSTITUTE AND COLLEGE": 173,
                            "ELMIRA BUSINESS INST": 174,
                            "ELMIRA COLLEGE 4YR UNDERGRAD": 175,
                            "ELMIRA COLLEGE GRAD": 176,
                            "ELYON COLLEGE": 177,
                            "EMPIRE EDUC CORP (MILDRED ELLEY)": 178,
                            "ERIE COMMUNITY COLLEGE": 179,
                            "ERIE COMMUNITY COLLEGE NORTH": 180,
                            "ERIE COMMUNITY COLLEGE SOUTH": 181,
                            "EVEREST INSTITUTE": 182,
                            "EXCELSIOR COLLEGE 4YR UNDERGRAD": 183,
                            "EXCELSIOR COLLEGE GRAD": 184,
                            "FASHION INST TECH UPPER DIVISION": 185,
                            "FASHION INST TECH-LOWER DIVISION": 186,
                            "FASHION INST TECHNOLOGY-GRAD": 187,
                            "FINGER LAKES COMMUNITY COLLEGE": 188,
                            "FINGER LAKES HEALTH COLL NURSING": 189,
                            "FIVE TOWNS COLLEGE 4YR UNDERGRAD": 190,
                            "FIVE TOWNS COLLEGE GRAD": 191,
                            "FORDHAM LIBERAL STUD MC SEMESTER": 192,
                            "FORDHAM LIBERAL STUDIES TARRYTOWN": 193,
                            "FORDHAM U GRAD BUS ADMIN": 194,
                            "FORDHAM U SCHOOL OF LAW": 195,
                            "FORDHAM UNIVERSITY": 196,
                            "FORDHAM UNIVERSITY - GRADUATE": 197,
                            "FRANKLIN CAREER INSTITUTE": 198,
                            "FULTON MONTGOMERY COMM COLLEGE": 199,
                            "GAMLA COLLEGE": 200,
                            "GENESEE COMMUNITY COLLEGE": 201,
                            "GLENS FALLS HOSP SCH RAD TEC": 202,
                            "GLOBAL BUSINESS INSTITUTE": 203,
                            "GLOBE INST TECH 2YR": 204,
                            "GLOBE INSTITUTE OF TECHNOLOGY 4YR": 205,
                            "GRADUATE COLLEGE UNION UNIVERSITY": 206,
                            "HAMILTON COLLEGE": 207,
                            "HARLEM HOSPITAL-RAD TECH": 208,
                            "HARTWICK COLLEGE": 209,
                            "HELENE FULD SCHOOL REG NURS BA": 210,
                            "HELENE FULD SCHOOL REG NURSING": 211,
                            "HERKIMER COMMUNITY COLLEGE": 212,
                            "HILBERT COLLEGE": 213,
                            "HOBART AND WILLIAM SMITH COLLS 4Y": 214,
                            "HOBART AND WILLIAM SMITH COLLS GR": 215,
                            "HOFSTRA UNIV 4YR UNDERGRAD": 216,
                            "HOFSTRA UNIV GRAD": 217,
                            "HOFSTRA UNIV GRAD LAW SCHOOL": 218,
                            "HOUGHTON COLLEGE": 219,
                            "HUDSON VALLEY COMMUNITY COLLEGE": 220,
                            "INST OF DESIGN & CONSTRUCTION": 221,
                            "INTERBORO INSTITUTE INC": 222,
                            "IONA COLL UNDERGRAD EVENING TRIME": 223,
                            "IONA COLLEGE 4YR UNDERGRAD": 224,
                            "IONA COLLEGE GRAD": 225,
                            "IONA COLLEGE GRAD SECONDARY EDUC": 226,
                            "IONA COLLEGE-WEEKEND 4YR UG": 227,
                            "ISABELLA GRAHAM HART SCH PRAC NUR": 228,
                            "ISLAND DRAFTING & TECHNICAL INST.": 229,
                            "ITHACA COLLEGE": 230,
                            "ITHACA COLLEGE PHYS/OCC THERAPY": 231,
                            "ITHACA COLLEGE-GRAD": 232,
                            "ITT TECHNICAL INSTITUTE ALBANY": 233,
                            "ITT TECHNICAL INSTITUTE GETZVILLE": 234,
                            "ITT TECHNICAL INSTITUTE LIVERPOOL": 235,
                            "JAMESTOWN BUSINESS COLL 2 YR ASSO": 236,
                            "JAMESTOWN BUSINESS COLL 4YR BBA": 237,
                            "JAMESTOWN COMMUNITY COLLEGE": 238,
                            "JEFFERSON COMMUNITY COLLEGE": 239,
                            "JUILLIARD SCHOOL 4YR UNDERGRAD": 240,
                            "JUILLIARD SCHOOL GRAD": 241,
                            "KATHARINE GIBBS SCHOOL NYC": 242,
                            "KEHILATH YAKOV RABBINCAL SEMINARY": 243,
                            "KELLER GRAD SCHOOL OF MANAGEMENT": 244,
                            "KEUKA COLLEGE 4YR UNDERGRAD": 245,
                            "KUEKA COLLEGE GRAD": 246,
                            "LEMOYNE COLLEGE 4YR UNDERGRAD": 247,
                            "LEMOYNE COLLEGE GRAD": 248,
                            "LIBI TEACH OUT OF PBC": 249,
                            "LICH TEACHOUT SUNY FARMINGDALE": 250,
                            "LIM COLLEGE": 251,
                            "LONG ISLAND BUS INST 2YR TRIMEST": 252,
                            "LONG ISLAND BUS INST UG SEMESTER": 253,
                            "LONG ISLAND COL HOSP NURSING": 254,
                            "LONG ISLAND COL HOSP SCH XRAY TCH": 255,
                            "LONG ISLAND UNIV 4 YR UNDERGRAD": 256,
                            "LONG ISLAND UNIVERSITY": 257,
                            "LONG ISLAND UNIVERSITY-GRAD": 258,
                            "LYNN UNIVERSITY-OLD FORGE COLLEGE": 259,
                            "MACHZIKEI HADATH RABBINICAL COLL": 260,
                            "MANDL SCHOOL": 261,
                            "MANHATTAN COLLEGE - 2 YR": 262,
                            "MANHATTAN COLLEGE 4 YR UNDERGRAD": 263,
                            "MANHATTAN COLLEGE GRAD": 264,
                            "MANHATTAN SCHL MUSIC GRAD": 265,
                            "MANHATTAN SCHOOL OF COMPUTER TECH": 266,
                            "MANHATTAN SCHOOL OF MUSIC 4 YR UN": 267,
                            "MANHATTANVILLE COLLEGE 4YR UNDERG": 268,
                            "MANHATTANVILLE COLLEGE GRAD": 269,
                            "MARIA COLL-REGULAR DAY 2YR UG": 270,
                            "MARIA COLL-WEEKEND&EVENING GRAD": 271,
                            "MARIA COLLEGE 4 YR": 272,
                            "MARION S WHELAN PRAC NURSING SEM": 273,
                            "MARION S WHELAN PRAC NURSING TRIM": 274,
                            "MARIST COLLEGE 4 YR UNDERGRAD": 275,
                            "MARIST COLLEGE GRAD": 276,
                            "MARYMOUNT MANHATTAN COLLEGE": 277,
                            "MECHON LHOYROA": 278,
                            "MEDAILLE COLLEGE 4YR UNDERGRAD": 279,
                            "MEDAILLE COLLEGE GRAD": 280,
                            "MEM SLOAN-KETTERING CANCER CTR": 281,
                            "MERCY COLL ASSOC DEGREE PROGRAM": 282,
                            "MERCY COLLEGE 4YR UNDERGRAD": 283,
                            "MERCY COLLEGE GRAD SEMESTER": 284,
                            "MERCY COLLEGE GRAD TRIMESTER/QTR": 285,
                            "MERCY HOSPITAL SCH OF RADIOGRAPHY": 286,
                            "MERKAZ BNOS": 287,
                            "MESIVTA EASTRN PKWY RABBINICAL CL": 288,
                            "MESIVTA TORAH VODAATH RABBINICAL": 289,
                            "METROPOLITAN COLL OF NEW YORK 4YR": 290,
                            "METROPOLITAN COLLEGE OF NY (GRAD)": 291,
                            "METROPOLITAN LEARNING INSTITUTE": 292,
                            "MIRRER YESHIVA CENTRAL INSTITUTE": 293,
                            "MOHAWK VALLEY COMMUNITY COLLEGE": 294,
                            "MOLLOY COLLEGE 4YR UNDERGRAD": 295,
                            "MONROE COLLEGE (NEW ROCHELLE)": 296,
                            "MONROE COLLEGE ASSOCIATES DEG 2YR": 297,
                            "MONROE COLLEGE BACHELORS DEG 4YR": 298,
                            "MONROE COLLEGE NURSING CERT PROG": 299,
                            "MONROE COMMUNITY COLLEGE": 300,
                            "MONTEFIORE HOSP-RADIATION THERAPY": 301,
                            "MORRISVILLE STATE COLLEGE": 302,
                            "MOUNT ST. MARY COLLEGE - GRAD": 303,
                            "MOUNT ST. MARY COLLEGE 4YR UNDERG": 304,
                            "MT SINAI SCHOOL OF MEDICINE": 305,
                            "MUNICIPAL TRAINING CENTER": 306,
                            "N Y COL OF PODIATRIC MEDICINE": 307,
                            "NASSAU COMMUNITY COLLEGE": 308,
                            "NAZARETH COLLEGE 4YR UNDERGRAD": 309,
                            "NAZARETH COLLEGE GRAD": 310,
                            "NEW TECHNOLOGIES INFORMATION INST": 311,
                            "NEW YORK ACADEMY OF ART": 312,
                            "NEW YORK CAREER INSTITUTE": 313,
                            "NEW YORK CHIROPRACTIC COLLEGE": 314,
                            "NEW YORK FILM ACADEMY": 315,
                            "NEW YORK INST OF ENGLISH&BUSINESS": 316,
                            "NEW YORK INST TECH": 317,
                            "NEW YORK INST TECH 4YR": 318,
                            "NEW YORK INST TECH ELLIS ONLINE": 319,
                            "NEW YORK INST TECH-EVE SAT PROG": 320,
                            "NEW YORK LAW SCHOOL": 321,
                            "NEW YORK MEDICAL COLLEGE": 322,
                            "NEW YORK METHODIST HOSPITAL": 323,
                            "NEW YORK SCHOOL INTERIOR DESIGN": 324,
                            "NEW YORK SCHOOL OF COURT REPORTNG": 325,
                            "NEW YORK U SCH OF MEDICINE GRAD": 326,
                            "NEW YORK UNIVERSITY 4YR UNDERGRAD": 327,
                            "NEW YORK UNIVERSITY GRAD": 328,
                            "NIAGARA COMMUNITY COLLEGE": 329,
                            "NIAGARA UNIVERSITY 4YR UNDERGRAD": 330,
                            "NIAGARA UNIVERSITY GRAD": 331,
                            "NORTH COUNTRY COMMUNITY COLLEGE": 332,
                            "NY AUTO AND DIESEL INSTITUTE": 333,
                            "NY COLL HEALTH PROF 4YR UG": 334,
                            "NY COLL TRAD CHINESE MEDICINE": 335,
                            "NY COLLEGE OF HEALTH PROFESSIONS": 336,
                            "NY SCHOOL MEDICAL & DENTAL ASST": 337,
                            "NYACK COLLEGE": 338,
                            "NYACK COLLEGE 4YR UNDERGRAD": 339,
                            "NYACK COLLEGE GRAD": 340,
                            "NYIT ELLIS COLL ONLINE GRAD": 341,
                            "OHR HAMEIR THEOLOGICAL SEMINARY": 342,
                            "OLEAN BUSINESS INST": 343,
                            "ONONDAGA COMMUNITY COLLEGE": 344,
                            "ORANGE COUNTY COMMUNITY COLLEGE": 345,
                            "PACE UNIV SCH OF LAW WHITE PLAINS": 346,
                            "PACE UNIVERSITY 4YR UNDERGRAD": 347,
                            "PACE UNIVERSITY GRAD": 348,
                            "PACE UNIVERSITY UNDERGRADUATE": 349,
                            "PACE UNIVERSITY WHITE PLAINS": 350,
                            "PACE UNIVERSITY-DOCTORAL GRAD": 351,
                            "PACIFIC COLL OF ORIENTAL MED 2YR": 352,
                            "PACIFIC COLL OF ORIENTAL MED GRAD": 353,
                            "PAUL SMITHS COLLEGE 2 YR UNDEGRAD": 354,
                            "PAUL SMITHS COLLEGE 4YR UNDERGRAD": 355,
                            "PHILLIPS BETH ISRAEL NURSING BA": 356,
                            "PHILLIPS BETH ISRAEL SCH.NURSING": 357,
                            "PLAZA COLLEGE": 358,
                            "PLAZA COLLEGE-2YR UNDERGRAD": 359,
                            "PLAZA COLLEGE-BA": 360,
                            "PLAZA TEACH-OUT OF NYCI": 361,
                            "POLYTECHNIC UNIV 4YR UNDERGRAD": 362,
                            "POLYTECHNIC UNIVERSITY GRAD": 363,
                            "PRATT INSTITUTE 4YR UNDERGRAD": 364,
                            "PRATT INSTITUTE GRAD": 365,
                            "PROFESSIONAL BUSINESS COLLEGE": 366,
                            "RABBINCAL COL BOBOVER YESHIV BNEI": 367,
                            "RABBINCL ACAD MESIVTA RABBI CHAIM": 368,
                            "RABBINICAL COLL OHR YISROEL": 369,
                            "RABBINICAL COLLEGE BETH SHRAGA": 370,
                            "RABBINICAL COLLEGE OF LONG ISLAND": 371,
                            "RABBINICAL COLLEGE OF OHR SHIMON": 372,
                            "RABBINICAL SEMINARY MKOR CHAIM": 373,
                            "RENSSELAER POLYTECHNIC INST GRAD": 374,
                            "RENSSELAER POLYTECHNIC INST UG": 375,
                            "ROBERTS BUSINESS INST INC": 376,
                            "ROBERTS WESLEYAN COL BSN NON TRAD": 377,
                            "ROBERTS WESLEYAN COLL  UG SEMESTE": 378,
                            "ROBERTS WESLEYAN COLLEGE-GRAD": 379,
                            "ROCHESTER INST TECH 4YR UNDERGRAD": 380,
                            "ROCHESTER INST TECH GRAD": 381,
                            "ROCKLAND COMMUNITY COLLEGE": 382,
                            "S NASSAU HOSP SCH OF RAD TECH": 383,
                            "SAGE COLLEGE OF ALBANY": 384,
                            "SAGE JUNIOR COLLEGE OF ALBANY": 385,
                            "SAMARITAN HOSP SCH OF NURSING": 386,
                            "SAMARITAN HOSPITAL PRAC NURSING": 387,
                            "SANFORD BROWN INSTITUTE": 388,
                            "SARAH LAWRENCE COLL UNDERGRAD": 389,
                            "SARAH LAWRENCE COLLEGE GRAD": 390,
                            "SCHENECTADY COUNTY COMM COLLEGE": 391,
                            "SCHOOL OF VISUAL ARTS UNDERGRAD": 392,
                            "SCHOOL OF VISUAL ARTS-GRAD": 393,
                            "SHOR YOSHUV RABBINICAL COLLEGE": 394,
                            "SIENA COLLEGE": 395,
                            "SIMMONS INSTITUTE FUNERAL SERVICE": 396,
                            "SKIDMORE COL UNV WITHOUT WALLS": 397,
                            "SKIDMORE COLLEGE": 398,
                            "SPANISH-AMERICAN INSTITUTE": 399,
                            "ST BONAVENTURE UNIVERSITY GRAD": 400,
                            "ST BONAVENTURE UNIVERSITY UG": 401,
                            "ST ELIZABETH COLLEGE OF NURSING": 402,
                            "ST ELIZABETH HOSP SCHOOL RAD TECH": 403,
                            "ST FRANCIS COLLEGE": 404,
                            "ST FRANCIS HOSP SCH PRAC NURSING": 405,
                            "ST JAMES MERCY HOSP SCH XRAY TECH": 406,
                            "ST JOHN FISHER COLLEGE UNDERGRAD": 407,
                            "ST JOHN FISHER COLLEGE-GRADUATE": 408,
                            "ST JOHN'S RIVERSIDE HOSP NURS": 409,
                            "ST JOHNS UNIV SCH RADIOGRAPHY": 410,
                            "ST JOHNS UNIV-WEEKEND COLLEGE": 411,
                            "ST JOHNS UNIVERSITY - GRAD": 412,
                            "ST JOHNS UNIVERSITY 4YR UG": 413,
                            "ST JOHNS UNIVERSITY LAW SCHOOL": 414,
                            "ST JOHNS UNIVERSITY PHYS ASSIST": 415,
                            "ST JOSEPH COL NUR AT ST JOS HOSP": 416,
                            "ST JOSEPHS COLL BROOKLYN 4YR UG": 417,
                            "ST JOSEPHS COLL PATCHOGUE UG": 418,
                            "ST JOSEPHS COLL PATCHOGUE WEEKEND": 419,
                            "ST LAWRENCE UNIVERSITY 4YR UG": 420,
                            "ST LAWRENCE UNIVERSITY GRAD": 421,
                            "ST LUKES SCHOOL RAD TECH": 422,
                            "ST PAUL'S SCH NURSING": 423,
                            "ST PAUL'S SCH NURSING MED ASSIST": 424,
                            "ST PAUL'S SCH NURSING MED/DENTAL": 425,
                            "ST PAUL'S SCH NURSING SI": 426,
                            "ST PETERS HOSP COLLEGE OF NURSING": 427,
                            "ST THOMAS AQUINAS COLLEGE UG": 428,
                            "ST THOMAS AQUINAS COLLEGE-GRAD": 429,
                            "ST VINCENT CMC PA PROGRAM": 430,
                            "ST VINCENTS HOSP INST EMERG CARE": 431,
                            "ST. JOSEPHS MED CENTER- RAD TECH": 432,
                            "SUC BROCKPORT (UNDERGRAD)": 433,
                            "SUC BROCKPORT GRAD": 434,
                            "SUC BUFFALO (UNDERGRAD)": 435,
                            "SUC BUFFALO GRAD": 436,
                            "SUC CERAMICS AT ALFRED UNIV 4YR U": 437,
                            "SUC CERAMICS AT ALFRED UNIV GRAD": 438,
                            "SUC CORTLAND (UNDERGRAD)": 439,
                            "SUC CORTLAND GRAD": 440,
                            "SUC EMPIRE STATE (2 YR UNDERGRAD)": 441,
                            "SUC EMPIRE STATE (UNDERGRAD)": 442,
                            "SUC EMPIRE STATE GRAD": 443,
                            "SUC ENV SCI&FORESTRY 4YRUNDERGRAD": 444,
                            "SUC ENV SCI&FORESTRY GRAD": 445,
                            "SUC FREDONIA (UNDERGRAD)": 446,
                            "SUC FREDONIA GRAD": 447,
                            "SUC GENESEO (UNDERGRAD)": 448,
                            "SUC GENESEO GRAD": 449,
                            "SUC NEW PALTZ (UNDERGRAD)": 450,
                            "SUC NEW PALTZ GRAD": 451,
                            "SUC OLD WESTBURY (UNDERGRAD)": 452,
                            "SUC OLD WESTBURY GRAD": 453,
                            "SUC ONEONTA (UNDERGRAD)": 454,
                            "SUC ONEONTA GRAD": 455,
                            "SUC OSWEGO (UNDERGRAD)": 456,
                            "SUC OSWEGO GRAD": 457,
                            "SUC POTSDAM (UNDERGRAD)": 458,
                            "SUC POTSDAM GRAD": 459,
                            "SUC PURCHASE (UNDERGRAD)": 460,
                            "SUC PURCHASE-GRAD": 461,
                            "SUFFOLK COMMUNITY COLLEGE": 462,
                            "SULLIVAN COMMUNITY COLLEGE": 463,
                            "SUNBRIDGE COLLEGE": 464,
                            "SUNY ALBANY 4 YR (UNDERGRAD)": 465,
                            "SUNY AT ALBANY GRAD": 466,
                            "SUNY BINGHAMTON 4 YR(UNDERGRAD)": 467,
                            "SUNY BINGHAMTON GRAD": 468,
                            "SUNY BUFFALO 4 YR (UNDERGRAD)": 469,
                            "SUNY BUFFALO GRAD": 470,
                            "SUNY BUFFALO GRAD LAW": 471,
                            "SUNY BUFFALO GRAD MED & DENT": 472,
                            "SUNY COBLESKILL": 473,
                            "SUNY COLLEGE OF OPTOMETRY": 474,
                            "SUNY COLLEGE OF TECH AT ALFRED": 475,
                            "SUNY COLLEGE OF TECH AT CANTON": 476,
                            "SUNY COLLEGE OF TECH AT DELHI": 477,
                            "SUNY COLLEGE OF TECH FARMINGDALE": 478,
                            "SUNY DOWNSTATE MED CENTER GRAD": 479,
                            "SUNY DOWNSTATE MEDICAL CENTER": 480,
                            "SUNY DOWNSTATE MEDICAL CENTER MED": 481,
                            "SUNY MARITIME COLLEGE": 482,
                            "SUNY MARITIME COLLEGE GRAD": 483,
                            "SUNY PLATTSBURGH (UNDERGRAD)": 484,
                            "SUNY PLATTSBURGH GRAD": 485,
                            "SUNY POLYTECHNIC INST GRAD": 486,
                            "SUNY POLYTECHNIC INSTITUTE": 487,
                            "SUNY STONY BROOK 4YR UNDERGRAD": 488,
                            "SUNY STONY BROOK GRAD": 489,
                            "SUNY STONY BROOK MED-DENT": 490,
                            "SUNY UPSTATE MEDICAL UNIV. (GRAD)": 491,
                            "SUNY UPSTATE MEDICAL UNIVERSITY": 492,
                            "SWEDISH INST QRTLY PROGRAMS": 493,
                            "SWEDISH INSTITUTE 2YR UNDERGRAD": 494,
                            "SWEDISH INSTITUTE GRAD": 495,
                            "SYRACUSE UNIVERSITY (UNDERGRAD)": 496,
                            "SYRACUSE UNIVERSITY GRAD": 497,
                            "SYRACUSE UNIVERSITY LAW": 498,
                            "SYRACUSE UNIVERSITY UTICA COLLEGE": 499,
                            "TALMUDICAL INST OF UPSTATE NY": 500,
                            "TALMUDICAL SEMINARY OF BOBOV": 501,
                            "TALMUDICAL SEMINARY OHOLEI TORAH": 502,
                            "TAYLOR BUSINESS INSTITUTE": 503,
                            "TCI TEACH OUT INTERBORO": 504,
                            "TECHNICAL CAREER INSTITUTES": 505,
                            "THE BELANGER SCHOOL OF NURSING": 506,
                            "THE COLLEGE OF WESTCHESTER": 507,
                            "THE KING'S COLLEGE": 508,
                            "THE NEW SCHOOL 4YR UNDERGRAD": 509,
                            "THE NEW SCHOOL- GRAD": 510,
                            "THE NY CONSERV FOR DRAMATIC ARTS": 511,
                            "THE SAGE COLLEGE GRAD": 512,
                            "THE SAGE COLLEGES 4YR UNDERGRAD": 513,
                            "TOMPKINS CORTLAND COMM COLLEGE": 514,
                            "TORAH TEMIMAH TALMUDICAL SEMINARY": 515,
                            "TOURO COLLEGE 4YR UNDERGRAD": 516,
                            "TOURO COLLEGE LAW SCHOOL": 517,
                            "TOURO COLLEGE-MASTERS PROGRAMS": 518,
                            "TRI-STATE COLLEGE OF ACUPUNCTURE": 519,
                            "TROCAIRE COLLEGE": 520,
                            "ULSTER COMMUNITY COLLEGE": 521,
                            "UNION COLLEGE 4YR UNDERGRAD": 522,
                            "UNITED TALMUDICAL SEMINARY": 523,
                            "UNIV OF ROCHESTER - MED SCHOOL": 524,
                            "UNIV OF ROCHESTER - SCHOOL OF M&D": 525,
                            "UNIV OF ROCHESTER EASTMAN GRAD": 526,
                            "UNIV OF ROCHESTER EASTMAN UG": 527,
                            "UNIV OF ROCHESTER RIVER CAMP GRAD": 528,
                            "UNIV OF ROCHESTER SIMON SCH BUS": 529,
                            "UNIVERSITY OF ROCHESTER UNDERGRAD": 530,
                            "UTA MESIVTA OF KIRYAS JOEL": 531,
                            "UTICA SCHOOL OF COMMERCE": 532,
                            "VASSAR COLLEGE 4YR UNDERGRAD": 533,
                            "VAUGHN COLL AERONAUTICS TECH": 534,
                            "VILLA MARIA COLL OF BUFFALO 2YR": 535,
                            "VILLA MARIA COLL OF BUFFALO 4YR": 536,
                            "WADHAMS HALL": 537,
                            "WAGNER COLLEGE 4YR UNDERGRAD": 538,
                            "WAGNER COLLEGE GRAD": 539,
                            "WEBB INST OF NAVAL ARCH.": 540,
                            "WELLS COLLEGE": 541,
                            "WESTCHESTER COMMUNITY COLLEGE": 542,
                            "WINTHROP HOSPITAL-RADIOGRAPHY": 543,
                            "WOOD TOBE-COBURN SCHOOL": 544,
                            "YESHIVA & KOLLEL HARBOTZAS TORAH": 545,
                            "YESHIVA D'MONSEY": 546,
                            "YESHIVA DERECH CHAIM": 547,
                            "YESHIVA GEDOLAH IMREI YOSEF DSPIN": 548,
                            "YESHIVA GEDOLAH KESSER TORAH": 549,
                            "YESHIVA HECHAL SHEMUEL": 550,
                            "YESHIVA KARLIN STOLIN": 551,
                            "YESHIVA KOLLEL TIFERETH ELIZER": 552,
                            "YESHIVA OF FAR ROCKWAY DERECH AY": 553,
                            "YESHIVA OF MACHZIKAI HADAS": 554,
                            "YESHIVA OF NITRA RABBINICAL COLLE": 555,
                            "YESHIVA OF THE TELSHE ALUMNI": 556,
                            "YESHIVA OHR NAFTOLI": 557,
                            "YESHIVA SHAAR EPHRAIM": 558,
                            "YESHIVA SHAAREI TORAH OF ROCKLAND": 559,
                            "YESHIVA SHOLOM SHACHNA": 560,
                            "YESHIVA UNIV EINSTEIN COL MED": 561,
                            "YESHIVA UNIV GRAD/PROFESSIONAL": 562,
                            "YESHIVA UNIV-WURZWEILER (BLOCK)": 563,
                            "YESHIVA UNIVERSITY": 564,
                            "YESHIVAS MAHARIT D'SATMAR": 565,
                            "YESHIVAS NOVOMINSK": 566,
                            "YESHIVAT MIKDASH MELECH": 567,
                            "YESHIVATH VIZNITZ": 568,
                            "YESHIVATH ZICHRON MOSHE": 569
                        },
                        "Sector Type": {
                            "PRIVATE": 0,
                            "PUBLIC": 1
                        },
                        "TAP Sector Group": {
                            "1-CUNY SR": 0,
                            "2-CUNY CC": 1,
                            "3-SUNY SO": 2,
                            "4-SUNY CC": 3,
                            "5-INDEPENDENT": 4,
                            "6-BUS. DEGREE": 5,
                            "7-BUS. NON-DEG": 6,
                            "8-OTHER": 7,
                            "9-CHAPTER XXII": 8
                        }
                    },
                    "columns": [
                        "Level",
                        "TAP Level of Study",
                        "TAP College Name",
                        "Sector Type",
                        "TAP Sector Group"
                    ]
                }
            ],
            "scale_y": {
                "scale": [
                    2734.2767358372043
                ],
                "mean": [
                    3014.279242569511
                ],
                "var": [
                    7476269.268140557
                ],
                "n_samples_seen": 8344,
                "n_features_in": 1,
                "columns": [
                    "target"
                ],
                "scale_method": "scale_normal"
            },
            "ml_task": "regression",
            "params": {
                "columns_preprocessing": {
                    "Level": [
                        "categorical_to_int"
                    ],
                    "TAP Level of Study": [
                        "categorical_to_int"
                    ],
                    "TAP College Name": [
                        "categorical_to_int"
                    ],
                    "Sector Type": [
                        "categorical_to_int"
                    ],
                    "TAP Sector Group": [
                        "categorical_to_int"
                    ],
                    "TAP Recipient FTEs": [
                        "na_fill_median"
                    ]
                },
                "target_preprocessing": [
                    "na_exclude",
                    "scale_normal"
                ],
                "ml_task": "regression"
            }
        }
    ],
    "learners": [
        {
            "library_version": "1.6.2",
            "algorithm_name": "Extreme Gradient Boosting",
            "algorithm_short_name": "Xgboost",
            "uid": "c5f089d3-ef6f-4292-a914-99268a9c9f34",
            "params": {
                "model_type": "Xgboost",
                "ml_task": "regression",
                "n_jobs": -1,
                "objective": "reg:squarederror",
                "eta": 0.075,
                "max_depth": 6,
                "min_child_weight": 1,
                "subsample": 1.0,
                "colsample_bytree": 1.0,
                "seed": 3,
                "eval_metric": "rmse",
                "explain_level": 2
            },
            "name": "learner_fold_0",
            "best_ntree_limit": 186
        }
    ],
    "params": {
        "additional": {
            "max_rounds": 10000,
            "early_stopping_rounds": 50,
            "max_rows_limit": null,
            "max_cols_limit": null
        },
        "preprocessing": {
            "columns_preprocessing": {
                "Level": [
                    "categorical_to_int"
                ],
                "TAP Level of Study": [
                    "categorical_to_int"
                ],
                "TAP College Name": [
                    "categorical_to_int"
                ],
                "Sector Type": [
                    "categorical_to_int"
                ],
                "TAP Sector Group": [
                    "categorical_to_int"
                ],
                "TAP Recipient FTEs": [
                    "na_fill_median"
                ]
            },
            "target_preprocessing": [
                "na_exclude",
                "scale_normal"
            ],
            "ml_task": "regression"
        },
        "validation_strategy": {
            "validation_type": "split",
            "train_ratio": 0.75,
            "shuffle": true,
            "X_path": "AutoML_1/X.data",
            "y_path": "AutoML_1/y.data",
            "results_path": "AutoML_1"
        },
        "learner": {
            "model_type": "Xgboost",
            "ml_task": "regression",
            "n_jobs": -1,
            "objective": "reg:squarederror",
            "eta": 0.075,
            "max_depth": 6,
            "min_child_weight": 1,
            "subsample": 1.0,
            "colsample_bytree": 1.0,
            "seed": 3,
            "eval_metric": "rmse",
            "explain_level": 2
        },
        "automl_random_state": 1234,
        "ml_task": "regression",
        "explain_level": 2,
        "name": "3_Default_Xgboost",
        "status": "initialized",
        "final_loss": null,
        "train_time": null,
        "data_type": "original",
        "max_time_for_learner": 360.0
    },
    "saved": [
        "3_Default_Xgboost/learner_fold_0.xgboost"
    ],
    "predictions_fname": "3_Default_Xgboost/predictions_validation.csv",
    "metric_name": "rmse",
    "final_loss": 3.994924078443983,
    "train_time": 12.789482355117798,
    "is_stacked": false
}