{
    "columns": [
        "Academic Year",
        "TAP College Code",
        "Federal School Code",
        "TAP College Name",
        "Sector Type",
        "TAP Sector Group",
        "TAP Recipient Headcount",
        "TAP Recipient FTEs",
        "TAP Recipient Dollars",
        "tuition_los"
    ],
    "rows": 8344,
    "cols": 10,
    "target_is_numeric": false,
    "columns_info": {
        "Academic Year": [
            "scale"
        ],
        "TAP College Code": [
            "scale"
        ],
        "Federal School Code": [
            "scale"
        ],
        "TAP College Name": [
            "categorical",
            "many_categories"
        ],
        "Sector Type": [
            "categorical",
            "few_categories"
        ],
        "TAP Sector Group": [
            "categorical",
            "few_categories"
        ],
        "TAP Recipient Headcount": [
            "scale"
        ],
        "TAP Recipient FTEs": [
            "missing_values",
            "scale"
        ],
        "TAP Recipient Dollars": [
            "scale"
        ],
        "tuition_los": [
            "constant_column"
        ]
    },
    "target_info": [],
    "n_features": 10,
    "is_sample_weighted": false,
    "n_classes": 6,
    "num_class": 6
}