{
    "fit_level": "finished",
    "time_controller": {
        "total_time_limit": 3600,
        "model_time_limit": null,
        "steps": [
            "simple_algorithms",
            "default_algorithms",
            "ensemble"
        ],
        "algorithms": [
            "Baseline",
            "Linear",
            "Decision Tree",
            "Random Forest",
            "Xgboost",
            "Neural Network"
        ],
        "spend": [
            {
                "model_name": "prepare_data",
                "model_type": "prepare_data",
                "fit_level": "prepare_data",
                "train_time": 0.21649956703186035
            },
            {
                "model_name": "1_Baseline",
                "model_type": "Baseline",
                "fit_level": "simple_algorithms",
                "train_time": 0.6309022903442383
            },
            {
                "model_name": "2_DecisionTree",
                "model_type": "Decision Tree",
                "fit_level": "simple_algorithms",
                "train_time": 25.384175062179565
            },
            {
                "model_name": "3_Linear",
                "model_type": "Linear",
                "fit_level": "simple_algorithms",
                "train_time": 14.494001388549805
            },
            {
                "model_name": "4_Default_Xgboost",
                "model_type": "Xgboost",
                "fit_level": "default_algorithms",
                "train_time": 39.61317801475525
            },
            {
                "model_name": "5_Default_NeuralNetwork",
                "model_type": "Neural Network",
                "fit_level": "default_algorithms",
                "train_time": 8.101306438446045
            },
            {
                "model_name": "6_Default_RandomForest",
                "model_type": "Random Forest",
                "fit_level": "default_algorithms",
                "train_time": 17.53407049179077
            },
            {
                "model_name": "Ensemble",
                "model_type": "Ensemble",
                "fit_level": "ensemble",
                "train_time": 0.5248212814331055
            }
        ],
        "is_hill_climbing": false,
        "is_stacking": false
    },
    "all_params": {
        "simple_algorithms": [
            {
                "additional": {
                    "max_steps": 1,
                    "max_rows_limit": null,
                    "max_cols_limit": null
                },
                "preprocessing": {
                    "columns_preprocessing": {
                        "tuition_los": [
                            "remove_column"
                        ]
                    },
                    "target_preprocessing": [
                        "na_exclude",
                        "categorical_to_int"
                    ],
                    "ml_task": "multiclass_classification"
                },
                "validation_strategy": {
                    "validation_type": "split",
                    "train_ratio": 0.75,
                    "shuffle": true,
                    "stratify": true,
                    "X_path": "tuition_level/X.data",
                    "y_path": "tuition_level/y.data",
                    "results_path": "tuition_level"
                },
                "learner": {
                    "model_type": "Baseline",
                    "ml_task": "multiclass_classification",
                    "n_jobs": -1,
                    "seed": 1235,
                    "num_class": 6,
                    "explain_level": 2
                },
                "automl_random_state": 1234,
                "ml_task": "multiclass_classification",
                "explain_level": 2,
                "name": "1_Baseline",
                "status": "trained",
                "final_loss": 1.3589529197618615,
                "train_time": 1.4163918495178223,
                "data_type": "original",
                "max_time_for_learner": 360.0
            },
            {
                "additional": {
                    "trees_in_step": 1,
                    "train_cant_improve_limit": 0,
                    "max_steps": 1,
                    "max_rows_limit": null,
                    "max_cols_limit": null
                },
                "preprocessing": {
                    "columns_preprocessing": {
                        "TAP College Name": [
                            "categorical_to_int"
                        ],
                        "Sector Type": [
                            "categorical_to_int"
                        ],
                        "TAP Sector Group": [
                            "categorical_to_int"
                        ],
                        "TAP Recipient FTEs": [
                            "na_fill_median"
                        ],
                        "tuition_los": [
                            "remove_column"
                        ]
                    },
                    "target_preprocessing": [
                        "na_exclude",
                        "categorical_to_int"
                    ],
                    "ml_task": "multiclass_classification"
                },
                "validation_strategy": {
                    "validation_type": "split",
                    "train_ratio": 0.75,
                    "shuffle": true,
                    "stratify": true,
                    "X_path": "tuition_level/X.data",
                    "y_path": "tuition_level/y.data",
                    "results_path": "tuition_level"
                },
                "learner": {
                    "model_type": "Decision Tree",
                    "ml_task": "multiclass_classification",
                    "n_jobs": -1,
                    "seed": 1235,
                    "criterion": "gini",
                    "max_depth": 3,
                    "num_class": 6,
                    "explain_level": 2
                },
                "automl_random_state": 1234,
                "ml_task": "multiclass_classification",
                "explain_level": 2,
                "name": "2_DecisionTree",
                "status": "trained",
                "final_loss": 0.6387368413198642,
                "train_time": 26.514355897903442,
                "data_type": "original",
                "max_time_for_learner": 360.0
            },
            {
                "additional": {
                    "max_steps": 1,
                    "max_rows_limit": null,
                    "max_cols_limit": null
                },
                "preprocessing": {
                    "columns_preprocessing": {
                        "Academic Year": [
                            "scale_normal"
                        ],
                        "TAP College Code": [
                            "scale_normal"
                        ],
                        "Federal School Code": [
                            "scale_normal"
                        ],
                        "TAP College Name": [
                            "categorical_to_int",
                            "scale_normal"
                        ],
                        "Sector Type": [
                            "categorical_to_int",
                            "scale_normal"
                        ],
                        "TAP Sector Group": [
                            "categorical_to_int",
                            "scale_normal"
                        ],
                        "TAP Recipient Headcount": [
                            "scale_normal"
                        ],
                        "TAP Recipient FTEs": [
                            "na_fill_median",
                            "scale_normal"
                        ],
                        "TAP Recipient Dollars": [
                            "scale_normal"
                        ],
                        "tuition_los": [
                            "remove_column"
                        ]
                    },
                    "target_preprocessing": [
                        "na_exclude",
                        "categorical_to_int"
                    ],
                    "ml_task": "multiclass_classification"
                },
                "validation_strategy": {
                    "validation_type": "split",
                    "train_ratio": 0.75,
                    "shuffle": true,
                    "stratify": true,
                    "X_path": "tuition_level/X.data",
                    "y_path": "tuition_level/y.data",
                    "results_path": "tuition_level"
                },
                "learner": {
                    "model_type": "Linear",
                    "ml_task": "multiclass_classification",
                    "n_jobs": -1,
                    "seed": 1235,
                    "num_class": 6,
                    "explain_level": 2
                },
                "automl_random_state": 1234,
                "ml_task": "multiclass_classification",
                "explain_level": 2,
                "name": "3_Linear",
                "status": "trained",
                "final_loss": 0.737754777357619,
                "train_time": 15.631657123565674,
                "data_type": "original",
                "max_time_for_learner": 360.0
            }
        ],
        "default_algorithms": [
            {
                "additional": {
                    "max_rounds": 10000,
                    "early_stopping_rounds": 50,
                    "max_rows_limit": null,
                    "max_cols_limit": null
                },
                "preprocessing": {
                    "columns_preprocessing": {
                        "TAP College Name": [
                            "categorical_to_int"
                        ],
                        "Sector Type": [
                            "categorical_to_int"
                        ],
                        "TAP Sector Group": [
                            "categorical_to_int"
                        ],
                        "TAP Recipient FTEs": [
                            "na_fill_median"
                        ],
                        "tuition_los": [
                            "remove_column"
                        ]
                    },
                    "target_preprocessing": [
                        "na_exclude",
                        "categorical_to_int"
                    ],
                    "ml_task": "multiclass_classification"
                },
                "validation_strategy": {
                    "validation_type": "split",
                    "train_ratio": 0.75,
                    "shuffle": true,
                    "stratify": true,
                    "X_path": "tuition_level/X.data",
                    "y_path": "tuition_level/y.data",
                    "results_path": "tuition_level"
                },
                "learner": {
                    "model_type": "Xgboost",
                    "ml_task": "multiclass_classification",
                    "n_jobs": -1,
                    "objective": "multi:softprob",
                    "eta": 0.075,
                    "max_depth": 6,
                    "min_child_weight": 1,
                    "subsample": 1.0,
                    "colsample_bytree": 1.0,
                    "seed": 4,
                    "eval_metric": "mlogloss",
                    "num_class": 6,
                    "explain_level": 2
                },
                "automl_random_state": 1234,
                "ml_task": "multiclass_classification",
                "explain_level": 2,
                "name": "4_Default_Xgboost",
                "status": "trained",
                "final_loss": 0.17565058720989443,
                "train_time": 40.77860689163208,
                "data_type": "original",
                "max_time_for_learner": 360.0
            },
            {
                "additional": {
                    "max_rows_limit": null,
                    "max_cols_limit": null
                },
                "preprocessing": {
                    "columns_preprocessing": {
                        "Academic Year": [
                            "scale_normal"
                        ],
                        "TAP College Code": [
                            "scale_normal"
                        ],
                        "Federal School Code": [
                            "scale_normal"
                        ],
                        "TAP College Name": [
                            "categorical_to_int",
                            "scale_normal"
                        ],
                        "Sector Type": [
                            "categorical_to_int",
                            "scale_normal"
                        ],
                        "TAP Sector Group": [
                            "categorical_to_int",
                            "scale_normal"
                        ],
                        "TAP Recipient Headcount": [
                            "scale_normal"
                        ],
                        "TAP Recipient FTEs": [
                            "na_fill_median",
                            "scale_normal"
                        ],
                        "TAP Recipient Dollars": [
                            "scale_normal"
                        ],
                        "tuition_los": [
                            "remove_column"
                        ]
                    },
                    "target_preprocessing": [
                        "na_exclude",
                        "categorical_to_int"
                    ],
                    "ml_task": "multiclass_classification"
                },
                "validation_strategy": {
                    "validation_type": "split",
                    "train_ratio": 0.75,
                    "shuffle": true,
                    "stratify": true,
                    "X_path": "tuition_level/X.data",
                    "y_path": "tuition_level/y.data",
                    "results_path": "tuition_level"
                },
                "learner": {
                    "model_type": "Neural Network",
                    "ml_task": "multiclass_classification",
                    "n_jobs": -1,
                    "dense_1_size": 32,
                    "dense_2_size": 16,
                    "learning_rate": 0.05,
                    "seed": 5,
                    "num_class": 6,
                    "explain_level": 2
                },
                "automl_random_state": 1234,
                "ml_task": "multiclass_classification",
                "explain_level": 2,
                "name": "5_Default_NeuralNetwork",
                "status": "trained",
                "final_loss": 0.3645180098577858,
                "train_time": 9.065646886825562,
                "data_type": "original",
                "max_time_for_learner": 360.0
            },
            {
                "additional": {
                    "trees_in_step": 100,
                    "train_cant_improve_limit": 1,
                    "min_steps": 1,
                    "max_steps": 50,
                    "early_stopping_rounds": 50,
                    "max_rows_limit": null,
                    "max_cols_limit": null
                },
                "preprocessing": {
                    "columns_preprocessing": {
                        "TAP College Name": [
                            "categorical_to_int"
                        ],
                        "Sector Type": [
                            "categorical_to_int"
                        ],
                        "TAP Sector Group": [
                            "categorical_to_int"
                        ],
                        "TAP Recipient FTEs": [
                            "na_fill_median"
                        ],
                        "tuition_los": [
                            "remove_column"
                        ]
                    },
                    "target_preprocessing": [
                        "na_exclude",
                        "categorical_to_int"
                    ],
                    "ml_task": "multiclass_classification"
                },
                "validation_strategy": {
                    "validation_type": "split",
                    "train_ratio": 0.75,
                    "shuffle": true,
                    "stratify": true,
                    "X_path": "tuition_level/X.data",
                    "y_path": "tuition_level/y.data",
                    "results_path": "tuition_level"
                },
                "learner": {
                    "model_type": "Random Forest",
                    "ml_task": "multiclass_classification",
                    "n_jobs": -1,
                    "criterion": "gini",
                    "max_features": 0.9,
                    "min_samples_split": 30,
                    "max_depth": 4,
                    "seed": 6,
                    "eval_metric_name": "logloss",
                    "num_class": 6,
                    "explain_level": 2
                },
                "automl_random_state": 1234,
                "ml_task": "multiclass_classification",
                "explain_level": 2,
                "name": "6_Default_RandomForest",
                "status": "trained",
                "final_loss": 0.5274777042664641,
                "train_time": 18.71251392364502,
                "data_type": "original",
                "max_time_for_learner": 360.0
            }
        ],
        "ensemble": [
            {
                "model_type": "ensemble",
                "is_stacked": false,
                "name": "Ensemble",
                "status": "trained",
                "final_loss": 0.17565058720989443,
                "train_time": 0.5248212814331055
            }
        ]
    },
    "adjust_validation": false
}